total_cases_per_million,total_deaths_per_million,fever,dry cough,fatigue,loss of taste,loss of or smell,difficulty breathing,sore throat,headache,muscle aches,chills,diarrhea,runny nose,nausea,location_Bangladesh,location_India,location_Pakistan,month,day,high_death_risk
0,0,0,0,0,0,0,0,0,0,0,0,0,0,0,FALSE,FALSE,FALSE,12,31,0
0,0,0,0,0,0,0,0,0,0,0,0,0,0,0,FALSE,FALSE,FALSE,1,1,0
0,0,0,0,0,0,0,0,0,0,0,0,0,0,0,FALSE,FALSE,FALSE,1,2,0
0,0,0,0,0,0,0,0,0,0,0,0,0,0,0,FALSE,FALSE,FALSE,1,3,0
0,0,0,0,0,0,0,0,0,0,0,0,0,0,0,FALSE,FALSE,FALSE,1,4,0
0,0,0,0,0,0,0,0,0,0,0,0,0,0,0,FALSE,FALSE,FALSE,1,5,0
0,0,0,0,0,0,0,0,0,0,0,0,0,0,0,FALSE,FALSE,FALSE,1,6,0
0,0,0,0,0,0,0,0,0,0,0,0,0,0,0,FALSE,FALSE,FALSE,1,7,0
0,0,0,0,0,0,0,0,0,0,0,0,0,0,0,FALSE,FALSE,FALSE,1,8,0
0,0,0,0,0,0,0,0,0,0,0,0,0,0,0,FALSE,FALSE,FALSE,1,9,0
0,0,0,0,0,0,0,0,0,0,0,0,0,0,0,FALSE,FALSE,FALSE,1,10,0
0,0,0,0,0,0,0,0,0,0,0,0,0,0,0,FALSE,FALSE,FALSE,1,11,0
0,0,0,0,0,0,0,0,0,0,0,0,0,0,0,FALSE,FALSE,FALSE,1,12,0
0,0,0,0,0,0,0,0,0,0,0,0,0,0,0,FALSE,FALSE,FALSE,1,13,0
0,0,0,0,0,0,0,0,0,0,0,0,0,0,0,FALSE,FALSE,FALSE,1,14,0
0,0,0,0,0,0,0,0,0,0,0,0,0,0,0,FALSE,FALSE,FALSE,1,15,0
0,0,0,0,0,0,0,0,0,0,0,0,0,0,0,FALSE,FALSE,FALSE,1,16,0
0,0,0,0,0,0,0,0,0,0,0,0,0,0,0,FALSE,FALSE,FALSE,1,17,0
0,0,0,0,0,0,0,0,0,0,0,0,0,0,0,FALSE,FALSE,FALSE,1,18,0
0,0,0,0,0,0,0,0,0,0,0,0,0,0,0,FALSE,FALSE,FALSE,1,19,0
0,0,0,0,0,0,0,0,0,0,0,0,0,0,0,FALSE,FALSE,FALSE,1,20,0
0,0,0,0,0,0,0,0,0,0,0,0,0,0,0,FALSE,FALSE,FALSE,1,21,0
0,0,0,0,0,0,0,0,0,0,0,0,0,0,0,FALSE,FALSE,FALSE,1,22,0
0,0,0,0,0,0,0,0,0,0,0,0,0,0,0,FALSE,FALSE,FALSE,1,23,0
0,0,0,0,0,0,0,0,0,0,0,0,0,0,0,FALSE,FALSE,FALSE,1,24,0
0,0,0,0,0,0,0,0,0,0,0,0,0,0,0,FALSE,FALSE,FALSE,1,25,0
0,0,0,0,0,0,0,0,0,0,0,0,0,0,0,FALSE,FALSE,FALSE,1,26,0
0,0,0,0,0,0,0,0,0,0,0,0,0,0,0,FALSE,FALSE,FALSE,1,27,0
0,0,0,0,0,0,0,0,0,0,0,0,0,0,0,FALSE,FALSE,FALSE,1,28,0
0,0,0,0,0,0,0,0,0,0,0,0,0,0,0,FALSE,FALSE,FALSE,1,29,0
0,0,0,0,0,0,0,0,0,0,0,0,0,0,0,FALSE,FALSE,FALSE,1,30,0
0,0,0,0,0,0,0,0,0,0,0,0,0,0,0,FALSE,FALSE,FALSE,1,31,0
0,0,0,0,0,0,0,0,0,0,0,0,0,0,0,FALSE,FALSE,FALSE,2,1,0
0,0,0,0,0,0,0,0,0,0,0,0,0,0,0,FALSE,FALSE,FALSE,2,2,0
0,0,0,0,0,0,0,0,0,0,0,0,0,0,0,FALSE,FALSE,FALSE,2,3,0
0,0,0,0,0,0,0,0,0,0,0,0,0,0,0,FALSE,FALSE,FALSE,2,4,0
0,0,0,0,0,0,0,0,0,0,0,0,0,0,0,FALSE,FALSE,FALSE,2,5,0
0,0,0,0,0,0,0,0,0,0,0,0,0,0,0,FALSE,FALSE,FALSE,2,6,0
0,0,0,0,0,0,0,0,0,0,0,0,0,0,0,FALSE,FALSE,FALSE,2,7,0
0,0,0,0,0,0,0,0,0,0,0,0,0,0,0,FALSE,FALSE,FALSE,2,8,0
0,0,0,0,0,0,0,0,0,0,0,0,0,0,0,FALSE,FALSE,FALSE,2,9,0
0,0,0,0,0,0,0,0,0,0,0,0,0,0,0,FALSE,FALSE,FALSE,2,10,0
0,0,0,0,0,0,0,0,0,0,0,0,0,0,0,FALSE,FALSE,FALSE,2,11,0
0,0,0,0,0,0,0,0,0,0,0,0,0,0,0,FALSE,FALSE,FALSE,2,12,0
0,0,0,0,0,0,0,0,0,0,0,0,0,0,0,FALSE,FALSE,FALSE,2,13,0
0,0,0,0,0,0,0,0,0,0,0,0,0,0,0,FALSE,FALSE,FALSE,2,14,0
0,0,0,0,0,0,0,0,0,0,0,0,0,0,0,FALSE,FALSE,FALSE,2,15,0
0,0,0,0,0,0,0,0,0,0,0,0,0,0,0,FALSE,FALSE,FALSE,2,16,0
0,0,0,0,0,0,0,0,0,0,0,0,0,0,0,FALSE,FALSE,FALSE,2,17,0
0,0,0,0,0,0,0,0,0,0,0,0,0,0,0,FALSE,FALSE,FALSE,2,18,0
0,0,0,0,0,0,0,0,0,0,0,0,0,0,0,FALSE,FALSE,FALSE,2,19,0
0,0,0,0,0,0,0,0,0,0,0,0,0,0,0,FALSE,FALSE,FALSE,2,20,0
0,0,0,0,0,0,0,0,0,0,0,0,0,0,0,FALSE,FALSE,FALSE,2,21,0
0,0,0,0,0,0,0,0,0,0,0,0,0,0,0,FALSE,FALSE,FALSE,2,22,0
0,0,0,0,0,0,0,0,0,0,0,0,0,0,0,FALSE,FALSE,FALSE,2,23,0
0,0,0,0,0,0,0,0,0,0,0,0,0,0,0,FALSE,FALSE,FALSE,2,24,0
0.026,0,1,1,0,0,1,0,1,1,0,0,0,1,1,FALSE,FALSE,FALSE,2,25,0
0.026,0,0,0,0,1,0,0,0,0,1,1,1,1,1,FALSE,FALSE,FALSE,2,26,0
0.026,0,0,0,0,1,1,1,1,1,0,1,0,0,1,FALSE,FALSE,FALSE,2,27,0
0.026,0,1,0,1,0,0,1,0,1,1,1,0,0,1,FALSE,FALSE,FALSE,2,28,0
0.026,0,1,1,1,0,1,0,1,0,1,0,1,0,0,FALSE,FALSE,FALSE,2,29,0
0.026,0,0,1,1,1,1,1,1,0,0,0,0,0,0,FALSE,FALSE,FALSE,3,1,0
0.026,0,1,0,1,1,0,0,0,1,1,0,0,1,0,FALSE,FALSE,FALSE,3,2,0
0.026,0,1,0,1,1,1,0,1,0,0,1,0,0,0,FALSE,FALSE,FALSE,3,3,0
0.026,0,0,0,0,0,1,1,1,1,1,0,1,0,0,FALSE,FALSE,FALSE,3,4,0
0.026,0,0,1,0,1,1,0,0,0,0,1,1,1,0,FALSE,FALSE,FALSE,3,5,0
0.026,0,0,1,1,0,1,0,1,1,1,0,0,0,1,FALSE,FALSE,FALSE,3,6,0
0.026,0,0,1,1,0,1,1,0,0,1,0,0,1,1,FALSE,FALSE,FALSE,3,7,0
0.103,0,0,0,0,1,1,1,0,1,1,0,1,0,1,FALSE,FALSE,FALSE,3,8,0
0.103,0,0,0,0,1,0,0,1,1,1,1,0,1,1,FALSE,FALSE,FALSE,3,9,0
0.103,0,0,0,1,1,0,0,1,1,1,0,0,1,0,FALSE,FALSE,FALSE,3,10,0
0.18,0,1,1,1,0,1,0,1,1,1,0,0,0,0,FALSE,FALSE,FALSE,3,11,0
0.18,0,1,0,1,1,1,0,0,0,0,1,1,1,0,FALSE,FALSE,FALSE,3,12,0
0.18,0,1,1,0,1,0,1,0,0,0,1,0,1,0,FALSE,FALSE,FALSE,3,13,0
0.18,0,1,1,0,1,1,1,0,0,1,0,0,1,0,FALSE,FALSE,FALSE,3,14,0
0.257,0,0,0,0,1,1,0,1,1,1,0,0,1,0,FALSE,FALSE,FALSE,3,15,0
0.411,0,1,1,0,0,0,1,0,1,0,1,0,0,1,FALSE,FALSE,FALSE,3,16,0
0.539,0,1,0,1,0,0,1,1,0,1,0,1,0,1,FALSE,FALSE,FALSE,3,17,0
0.565,0,1,0,0,0,1,1,1,1,0,1,0,1,0,FALSE,FALSE,FALSE,3,18,0
0.565,0,0,1,1,1,1,1,0,0,0,1,1,0,0,FALSE,FALSE,FALSE,3,19,0
0.565,0,1,0,1,0,0,0,1,0,0,1,1,1,0,FALSE,FALSE,FALSE,3,20,0
0.617,0,1,1,0,1,1,0,1,1,0,0,0,0,1,FALSE,FALSE,FALSE,3,21,0
0.617,0,0,1,1,0,1,0,1,1,0,1,0,0,1,FALSE,FALSE,FALSE,3,22,0
0.873,0,1,0,1,0,0,1,0,0,1,0,1,1,0,FALSE,FALSE,FALSE,3,23,0
1.028,0.026,0,1,0,1,1,0,1,1,0,0,1,0,1,FALSE,FALSE,FALSE,3,24,0
1.079,0.026,1,0,1,1,0,0,1,0,1,0,0,1,0,FALSE,FALSE,FALSE,3,25,0
1.927,0.026,0,0,0,1,1,1,0,0,1,1,1,0,0,FALSE,FALSE,FALSE,3,26,0
1.927,0.026,0,1,1,0,0,1,0,0,0,1,1,1,1,FALSE,FALSE,FALSE,3,27,0
2.338,0.051,0,0,0,0,1,1,1,0,1,1,0,1,0,FALSE,FALSE,FALSE,3,28,0
2.723,0.077,1,1,1,1,0,1,0,1,0,0,0,0,0,FALSE,FALSE,FALSE,3,29,0
2.928,0.103,0,1,0,1,1,1,1,0,1,1,0,0,0,FALSE,FALSE,FALSE,3,30,0
3.622,0.103,0,1,0,0,1,1,1,0,0,1,1,1,0,FALSE,FALSE,FALSE,3,31,0
4.264,0.103,0,0,1,1,1,0,0,0,1,1,0,1,1,FALSE,FALSE,FALSE,4,1,0
4.932,0.103,0,0,1,1,1,0,1,1,1,0,0,0,0,FALSE,FALSE,FALSE,4,2,0
6.037,0.103,1,1,0,1,1,0,1,0,0,1,0,0,1,FALSE,FALSE,FALSE,4,3,0
6.037,0.103,0,0,1,1,1,0,1,1,1,0,0,0,0,FALSE,FALSE,FALSE,4,4,0
6.936,0.128,1,1,1,1,0,0,0,0,0,0,1,1,0,FALSE,FALSE,FALSE,4,5,0
7.681,0.18,1,1,0,1,0,0,0,1,1,0,1,1,0,FALSE,FALSE,FALSE,4,6,0
8.657,0.18,1,0,1,1,0,0,1,0,0,0,1,0,1,FALSE,FALSE,FALSE,4,7,0
9.428,0.283,0,1,1,0,1,0,0,0,1,1,0,1,0,FALSE,FALSE,FALSE,4,8,0
10.866,0.36,0,0,1,1,0,1,0,1,1,1,0,0,1,FALSE,FALSE,FALSE,4,9,0
12.433,0.385,1,1,1,0,0,0,1,0,0,1,0,1,1,FALSE,FALSE,FALSE,4,10,0
13.384,0.385,0,1,0,1,1,0,0,0,1,0,1,1,1,FALSE,FALSE,FALSE,4,11,0
14.257,0.462,1,0,1,1,0,1,1,0,0,0,1,0,0,FALSE,FALSE,FALSE,4,12,0
15.593,0.462,1,1,0,0,1,0,1,0,1,0,0,1,1,FALSE,FALSE,FALSE,4,13,0
17.083,0.539,0,0,1,0,1,1,1,1,1,0,1,0,0,FALSE,FALSE,FALSE,4,14,0
18.341,0.591,1,0,0,1,0,0,1,1,1,0,1,1,0,FALSE,FALSE,FALSE,4,15,0
20.14,0.642,1,0,1,1,1,0,0,0,1,1,0,0,1,FALSE,FALSE,FALSE,4,16,0
20.396,0.745,0,1,1,1,0,1,0,0,0,1,0,1,0,FALSE,FALSE,FALSE,4,17,0
21.707,0.771,0,1,1,1,1,0,1,0,0,1,0,0,0,FALSE,FALSE,FALSE,4,18,0
23.325,0.771,0,1,1,0,1,0,0,0,1,1,1,1,0,FALSE,FALSE,FALSE,4,19,0
25.585,0.848,0,1,0,1,1,1,1,0,0,0,1,1,0,FALSE,FALSE,FALSE,4,20,0
26.485,0.899,1,1,0,0,0,1,1,0,1,0,0,1,0,FALSE,FALSE,FALSE,4,21,1
28.052,0.925,0,1,1,1,0,0,1,0,1,0,1,0,0,FALSE,FALSE,FALSE,4,22,1
30.209,1.028,1,1,0,0,1,0,0,0,1,0,0,1,1,FALSE,FALSE,FALSE,4,23,1
32.907,1.079,1,0,1,0,0,0,1,1,0,1,0,1,1,FALSE,FALSE,FALSE,4,24,1
34.705,1.105,0,0,0,1,1,1,0,1,1,1,0,0,0,FALSE,FALSE,FALSE,4,25,1
37.582,1.207,1,0,1,1,0,1,0,1,1,0,0,1,0,FALSE,FALSE,FALSE,4,26,1
39.329,1.464,1,0,1,1,1,1,1,0,0,0,1,0,0,FALSE,FALSE,FALSE,4,27,1
43.747,1.464,1,0,0,0,1,0,1,0,0,0,1,1,1,FALSE,FALSE,FALSE,4,28,1
46.932,1.541,1,0,0,1,0,1,0,1,0,1,1,1,0,FALSE,FALSE,FALSE,4,29,1
50.066,1.541,0,1,0,0,1,1,0,0,0,1,0,1,1,FALSE,FALSE,FALSE,4,30,1
55.769,1.644,0,0,1,1,0,0,0,1,1,0,1,0,1,FALSE,FALSE,FALSE,5,1,1
59.982,1.747,0,1,1,0,0,0,1,1,0,0,1,1,0,FALSE,FALSE,FALSE,5,2,1
63.424,1.85,1,1,1,0,1,1,0,0,0,1,0,1,0,FALSE,FALSE,FALSE,5,3,1
69.461,2.183,0,0,1,1,1,1,0,0,1,0,1,1,0,FALSE,FALSE,FALSE,5,4,1
74.342,2.312,1,1,0,0,0,1,1,1,1,0,0,0,0,FALSE,FALSE,FALSE,5,5,1
82.819,2.44,1,0,1,0,1,1,0,0,1,1,0,1,0,FALSE,FALSE,FALSE,5,6,1
87.134,2.672,0,0,1,1,1,0,1,0,0,0,0,1,1,FALSE,FALSE,FALSE,5,7,1
91.527,2.723,0,0,1,0,1,0,1,0,1,0,1,0,1,FALSE,FALSE,FALSE,5,8,1
97.05,2.8,0,1,1,0,1,1,1,0,0,0,1,0,0,FALSE,FALSE,FALSE,5,9,1
103.601,2.954,1,1,0,0,1,1,1,0,0,0,1,1,0,FALSE,FALSE,FALSE,5,10,1
113.08,3.083,0,0,1,0,1,0,0,1,0,1,1,0,1,FALSE,FALSE,FALSE,5,11,1
120.401,3.134,1,0,0,1,0,0,1,0,0,1,0,1,1,FALSE,FALSE,FALSE,5,12,1
127.593,3.262,0,1,1,1,1,0,0,1,0,0,1,1,0,FALSE,FALSE,FALSE,5,13,1
134.247,3.339,0,0,1,1,0,0,0,1,1,1,1,1,0,FALSE,FALSE,FALSE,5,14,1
137.149,3.494,0,0,1,0,1,0,1,0,1,0,1,0,1,FALSE,FALSE,FALSE,5,15,1
164.456,4.316,0,1,0,0,1,0,1,1,0,0,1,0,1,FALSE,FALSE,FALSE,5,16,1
164.456,4.316,1,1,0,1,0,1,0,0,1,0,0,0,1,FALSE,FALSE,FALSE,5,17,1
171.186,4.341,1,0,1,0,1,0,0,1,0,0,0,1,1,FALSE,FALSE,FALSE,5,18,1
181.667,4.444,0,1,1,1,0,1,0,0,0,0,1,0,1,FALSE,FALSE,FALSE,5,19,1
196.592,4.573,0,0,1,0,1,0,0,1,0,1,1,1,0,FALSE,FALSE,FALSE,5,20,1
209.231,4.804,1,1,0,1,0,1,1,1,0,1,0,0,0,FALSE,FALSE,FALSE,5,21,1
222.871,4.958,0,0,0,0,0,1,0,1,1,1,0,1,1,FALSE,FALSE,FALSE,5,22,1
236.743,5.266,1,0,1,1,0,0,0,0,1,1,1,0,0,FALSE,FALSE,FALSE,5,23,1
256.831,5.549,1,1,0,0,1,0,0,1,1,0,1,0,0,FALSE,FALSE,FALSE,5,24,1
271.833,5.6,0,1,1,1,0,0,0,0,1,1,0,0,1,FALSE,FALSE,FALSE,5,25,1
287.015,5.626,1,1,0,0,0,0,1,1,1,0,1,0,1,FALSE,FALSE,FALSE,5,26,1
303.917,5.651,1,0,0,1,1,1,0,0,1,0,0,1,1,FALSE,FALSE,FALSE,5,27,1
319.973,5.831,0,1,0,1,0,1,1,0,0,1,0,1,1,FALSE,FALSE,FALSE,5,28,1
334.872,6.037,1,0,0,0,1,1,1,0,1,0,0,1,0,FALSE,FALSE,FALSE,5,29,1
350.875,6.319,1,1,0,0,0,0,1,0,1,1,0,1,1,FALSE,FALSE,FALSE,5,30,1
373.121,6.396,0,1,0,1,1,0,0,1,1,0,0,1,0,FALSE,FALSE,FALSE,5,31,1
390.589,6.602,1,1,0,1,0,0,0,1,0,1,0,1,1,FALSE,FALSE,FALSE,6,1,1
404.59,6.807,0,0,1,0,0,0,0,0,1,1,1,1,1,FALSE,FALSE,FALSE,6,2,1
424.087,6.936,0,0,0,0,1,0,0,1,1,1,0,1,1,FALSE,FALSE,FALSE,6,3,1
443.559,7.552,1,0,1,0,1,0,1,1,0,1,1,0,0,FALSE,FALSE,FALSE,6,4,1
463.775,7.706,0,1,1,1,1,0,1,0,1,1,0,0,0,FALSE,FALSE,FALSE,6,5,1
487.28,7.938,0,0,1,1,0,1,0,1,1,0,1,0,0,FALSE,FALSE,FALSE,6,6,1
502.23,8.4,1,1,0,0,0,1,0,1,1,1,0,1,0,FALSE,FALSE,FALSE,6,7,1
522.55,9.171,1,0,1,0,0,1,0,1,1,1,0,1,0,FALSE,FALSE,FALSE,6,8,1
537.321,9.479,1,0,1,1,1,0,0,0,0,0,1,0,1,FALSE,FALSE,FALSE,6,9,1
551.244,9.864,1,0,1,1,0,1,0,1,0,0,0,1,0,FALSE,FALSE,FALSE,6,10,1
568.814,10.404,1,1,0,0,0,1,0,1,0,1,1,0,0,FALSE,FALSE,FALSE,6,11,1
588.003,10.943,0,0,1,1,0,0,1,1,1,0,0,0,1,FALSE,FALSE,FALSE,6,12,1
604.855,11.457,0,0,1,0,1,1,0,1,1,0,1,1,0,FALSE,FALSE,FALSE,6,13,1
619.138,11.585,0,0,1,1,0,1,0,1,1,1,0,0,0,FALSE,FALSE,FALSE,6,14,1
636.195,12.099,0,0,0,0,1,1,1,0,0,1,1,1,0,FALSE,FALSE,FALSE,6,15,1
655.743,12.279,1,1,0,0,0,1,0,1,1,0,0,1,1,FALSE,FALSE,FALSE,6,16,1
675.857,12.613,1,0,0,1,0,1,0,1,1,1,0,1,0,FALSE,FALSE,FALSE,6,17,1
690.345,12.947,0,0,1,1,0,0,0,0,0,1,1,1,1,FALSE,FALSE,FALSE,6,18,1
707.248,14.026,1,0,1,0,0,1,0,1,1,1,0,0,1,FALSE,FALSE,FALSE,6,19,1
716.136,14.077,0,1,0,0,0,0,0,1,1,1,1,1,1,FALSE,FALSE,FALSE,6,20,1
730.162,14.617,0,1,1,1,0,0,1,0,1,0,0,1,1,FALSE,FALSE,FALSE,6,21,1
740.669,14.925,1,0,0,0,0,1,1,0,1,1,0,0,1,FALSE,FALSE,FALSE,6,22,1
748.632,15.362,0,0,1,1,1,1,0,0,1,1,0,0,1,FALSE,FALSE,FALSE,6,23,1
757.315,15.875,1,0,0,0,1,0,0,1,0,1,1,0,1,FALSE,FALSE,FALSE,6,24,1
763.326,16.415,0,0,1,1,1,0,1,0,0,0,0,1,1,FALSE,FALSE,FALSE,6,25,1
775.142,17.34,1,0,1,0,0,1,0,0,0,1,1,1,0,FALSE,FALSE,FALSE,6,26,1
782.232,17.545,0,0,1,0,1,1,0,0,0,1,0,1,1,FALSE,FALSE,FALSE,6,27,1
786.471,18.059,1,0,1,0,0,0,1,1,1,1,0,1,0,FALSE,FALSE,FALSE,6,28,1
795.487,18.521,0,0,1,1,0,1,0,0,0,0,1,1,1,FALSE,FALSE,FALSE,6,29,1
802.449,18.829,1,0,1,0,0,1,1,1,0,0,1,0,1,FALSE,FALSE,FALSE,6,30,1
809.616,19.163,0,0,0,1,1,0,1,1,1,0,1,1,0,FALSE,FALSE,FALSE,7,1,1
817.81,19.883,1,1,0,1,0,0,1,0,1,1,0,1,0,FALSE,FALSE,FALSE,7,2,1
822.588,20.73,0,1,1,1,1,0,1,0,0,0,0,1,0,FALSE,FALSE,FALSE,7,3,1
830.346,21.039,1,0,1,1,1,0,1,0,0,0,1,0,1,FALSE,FALSE,FALSE,7,4,1
839.286,21.218,0,0,0,1,1,1,1,0,1,0,0,1,0,FALSE,FALSE,FALSE,7,5,1
846.453,22.195,0,1,1,1,0,0,0,1,0,1,1,1,0,FALSE,FALSE,FALSE,7,6,1
857.576,23.633,1,1,0,0,0,0,1,1,0,1,0,1,1,FALSE,FALSE,FALSE,7,7,1
862.97,24.044,1,0,0,1,0,1,1,0,0,1,1,0,0,FALSE,FALSE,FALSE,7,8,1
864.486,24.07,0,1,1,1,0,1,0,0,1,0,1,0,0,FALSE,FALSE,FALSE,7,9,1
871.036,24.584,1,1,1,0,1,1,1,0,0,0,0,1,0,FALSE,FALSE,FALSE,7,10,1
882.802,25.534,0,1,1,0,0,1,1,0,0,1,1,1,0,FALSE,FALSE,FALSE,7,11,1
884.985,25.945,0,0,0,1,1,1,1,0,0,1,0,1,1,FALSE,FALSE,FALSE,7,12,1
884.985,25.945,1,0,1,0,0,1,1,0,0,0,1,0,1,FALSE,FALSE,FALSE,7,13,1
885.088,25.996,1,0,0,0,1,0,1,0,0,1,1,0,1,FALSE,FALSE,FALSE,7,14,1
892.409,26.844,0,1,1,1,0,1,1,0,0,1,0,0,1,FALSE,FALSE,FALSE,7,15,1
898.934,28.103,1,0,0,0,1,0,0,1,1,0,0,1,1,FALSE,FALSE,FALSE,7,16,1
900.886,28.642,1,0,0,0,1,1,0,1,0,1,0,0,1,FALSE,FALSE,FALSE,7,17,1
906.512,29.1775,1,1,0,0,1,0,0,1,0,0,1,1,0,FALSE,FALSE,FALSE,7,18,1
906.82,29.1775,0,1,0,0,1,1,0,0,1,0,0,1,1,FALSE,FALSE,FALSE,7,19,1
911.29,29.1775,0,0,0,0,0,1,1,1,0,1,0,1,1,FALSE,FALSE,FALSE,7,20,1
914.886,29.1775,0,0,0,1,1,1,0,1,0,1,1,0,1,FALSE,FALSE,FALSE,7,21,1
917.763,29.1775,0,1,0,1,1,1,1,0,1,1,0,0,0,FALSE,FALSE,FALSE,7,22,1
922.593,29.1775,0,0,0,1,0,1,0,1,1,1,0,1,0,FALSE,FALSE,FALSE,7,23,1
922.927,29.1775,1,1,0,0,1,1,1,0,0,0,0,1,0,FALSE,FALSE,FALSE,7,24,1
925.701,29.1775,1,0,1,0,0,1,0,1,1,0,0,0,1,FALSE,FALSE,FALSE,7,25,1
928.809,29.1775,0,1,0,0,1,1,1,0,1,1,0,0,1,FALSE,FALSE,FALSE,7,26,1
931.532,29.1775,0,1,0,0,0,0,0,1,1,0,1,1,1,FALSE,FALSE,FALSE,7,27,1
934.229,29.1775,1,0,1,1,0,0,1,0,0,0,1,1,0,FALSE,FALSE,FALSE,7,28,1
936.875,29.1775,0,1,0,1,1,0,1,0,1,0,1,1,0,FALSE,FALSE,FALSE,7,29,1
936.875,29.1775,0,0,1,0,1,0,1,1,1,0,1,1,0,FALSE,FALSE,FALSE,7,30,1
938.699,29.1775,0,0,0,1,1,1,0,0,1,0,1,1,1,FALSE,FALSE,FALSE,7,31,1
943.015,29.1775,1,1,0,1,0,0,1,0,1,0,0,1,1,FALSE,FALSE,FALSE,8,1,1
943.015,29.1775,0,0,1,0,0,1,1,1,1,1,0,0,1,FALSE,FALSE,FALSE,8,2,1
943.015,29.1775,1,0,1,1,0,1,1,0,1,0,0,0,0,FALSE,FALSE,FALSE,8,3,1
943.965,29.1775,1,0,1,0,1,0,0,0,0,0,1,1,1,FALSE,FALSE,FALSE,8,4,1
946.072,29.1775,0,1,0,0,0,0,1,1,1,1,1,0,0,FALSE,FALSE,FALSE,8,5,1
947.793,29.1775,1,0,1,0,0,1,1,0,0,0,0,1,1,FALSE,FALSE,FALSE,8,6,1
948.846,29.1775,1,1,1,0,0,0,0,0,1,1,1,1,0,FALSE,FALSE,FALSE,8,7,1
950.85,29.1775,1,1,0,1,1,0,0,0,0,1,0,1,0,FALSE,FALSE,FALSE,8,8,1
951.852,29.1775,1,0,0,0,1,0,1,1,1,0,0,0,1,FALSE,FALSE,FALSE,8,9,1
951.852,29.1775,1,1,0,1,1,1,1,0,0,0,0,0,1,FALSE,FALSE,FALSE,8,10,1
951.852,29.1775,0,0,0,1,1,0,1,0,1,0,1,0,1,FALSE,FALSE,FALSE,8,11,1
957.374,29.1775,1,0,0,1,0,0,0,1,1,1,1,1,0,FALSE,FALSE,FALSE,8,12,1
959.327,29.1775,1,0,1,0,0,0,1,0,1,0,1,1,0,FALSE,FALSE,FALSE,8,13,1
961.356,29.1775,1,1,0,1,0,0,0,0,0,1,0,1,1,FALSE,FALSE,FALSE,8,14,1
961.536,29.1775,0,0,0,1,1,1,0,0,1,0,0,1,1,FALSE,FALSE,FALSE,8,15,1
964.619,29.1775,1,1,1,0,1,0,1,0,0,0,1,0,1,FALSE,FALSE,FALSE,8,16,1
965.775,29.1775,1,1,1,0,0,0,0,0,1,0,1,1,0,FALSE,FALSE,FALSE,8,17,1
965.852,29.1775,1,0,1,0,0,0,0,0,0,1,1,1,1,FALSE,FALSE,FALSE,8,18,1
965.852,29.1775,1,1,1,1,0,1,1,0,1,0,0,0,0,FALSE,FALSE,FALSE,8,19,1
0,0,0,0,0,0,0,0,0,0,0,0,0,0,0,TRUE,FALSE,FALSE,12,31,0
0,0,0,0,0,0,0,0,0,0,0,0,0,0,0,TRUE,FALSE,FALSE,1,1,0
0,0,0,0,0,0,0,0,0,0,0,0,0,0,0,TRUE,FALSE,FALSE,1,2,0
0,0,0,0,0,0,0,0,0,0,0,0,0,0,0,TRUE,FALSE,FALSE,1,3,0
0,0,0,0,0,0,0,0,0,0,0,0,0,0,0,TRUE,FALSE,FALSE,1,4,0
0,0,0,0,0,0,0,0,0,0,0,0,0,0,0,TRUE,FALSE,FALSE,1,5,0
0,0,0,0,0,0,0,0,0,0,0,0,0,0,0,TRUE,FALSE,FALSE,1,6,0
0,0,0,0,0,0,0,0,0,0,0,0,0,0,0,TRUE,FALSE,FALSE,1,7,0
0,0,0,0,0,0,0,0,0,0,0,0,0,0,0,TRUE,FALSE,FALSE,1,8,0
0,0,0,0,0,0,0,0,0,0,0,0,0,0,0,TRUE,FALSE,FALSE,1,9,0
0,0,0,0,0,0,0,0,0,0,0,0,0,0,0,TRUE,FALSE,FALSE,1,10,0
0,0,0,0,0,0,0,0,0,0,0,0,0,0,0,TRUE,FALSE,FALSE,1,11,0
0,0,0,0,0,0,0,0,0,0,0,0,0,0,0,TRUE,FALSE,FALSE,1,12,0
0,0,0,0,0,0,0,0,0,0,0,0,0,0,0,TRUE,FALSE,FALSE,1,13,0
0,0,0,0,0,0,0,0,0,0,0,0,0,0,0,TRUE,FALSE,FALSE,1,14,0
0,0,0,0,0,0,0,0,0,0,0,0,0,0,0,TRUE,FALSE,FALSE,1,15,0
0,0,0,0,0,0,0,0,0,0,0,0,0,0,0,TRUE,FALSE,FALSE,1,16,0
0,0,0,0,0,0,0,0,0,0,0,0,0,0,0,TRUE,FALSE,FALSE,1,17,0
0,0,0,0,0,0,0,0,0,0,0,0,0,0,0,TRUE,FALSE,FALSE,1,18,0
0,0,0,0,0,0,0,0,0,0,0,0,0,0,0,TRUE,FALSE,FALSE,1,19,0
0,0,0,0,0,0,0,0,0,0,0,0,0,0,0,TRUE,FALSE,FALSE,1,20,0
0,0,0,0,0,0,0,0,0,0,0,0,0,0,0,TRUE,FALSE,FALSE,1,21,0
0,0,0,0,0,0,0,0,0,0,0,0,0,0,0,TRUE,FALSE,FALSE,1,22,0
0,0,0,0,0,0,0,0,0,0,0,0,0,0,0,TRUE,FALSE,FALSE,1,23,0
0,0,0,0,0,0,0,0,0,0,0,0,0,0,0,TRUE,FALSE,FALSE,1,24,0
0,0,0,0,0,0,0,0,0,0,0,0,0,0,0,TRUE,FALSE,FALSE,1,25,0
0,0,0,0,0,0,0,0,0,0,0,0,0,0,0,TRUE,FALSE,FALSE,1,26,0
0,0,0,0,0,0,0,0,0,0,0,0,0,0,0,TRUE,FALSE,FALSE,1,27,0
0,0,0,0,0,0,0,0,0,0,0,0,0,0,0,TRUE,FALSE,FALSE,1,28,0
0,0,0,0,0,0,0,0,0,0,0,0,0,0,0,TRUE,FALSE,FALSE,1,29,0
0,0,0,0,0,0,0,0,0,0,0,0,0,0,0,TRUE,FALSE,FALSE,1,30,0
0,0,0,0,0,0,0,0,0,0,0,0,0,0,0,TRUE,FALSE,FALSE,1,31,0
0,0,0,0,0,0,0,0,0,0,0,0,0,0,0,TRUE,FALSE,FALSE,2,1,0
0,0,0,0,0,0,0,0,0,0,0,0,0,0,0,TRUE,FALSE,FALSE,2,2,0
0,0,0,0,0,0,0,0,0,0,0,0,0,0,0,TRUE,FALSE,FALSE,2,3,0
0,0,0,0,0,0,0,0,0,0,0,0,0,0,0,TRUE,FALSE,FALSE,2,4,0
0,0,0,0,0,0,0,0,0,0,0,0,0,0,0,TRUE,FALSE,FALSE,2,5,0
0,0,0,0,0,0,0,0,0,0,0,0,0,0,0,TRUE,FALSE,FALSE,2,6,0
0,0,0,0,0,0,0,0,0,0,0,0,0,0,0,TRUE,FALSE,FALSE,2,7,0
0,0,0,0,0,0,0,0,0,0,0,0,0,0,0,TRUE,FALSE,FALSE,2,8,0
0,0,0,0,0,0,0,0,0,0,0,0,0,0,0,TRUE,FALSE,FALSE,2,9,0
0,0,0,0,0,0,0,0,0,0,0,0,0,0,0,TRUE,FALSE,FALSE,2,10,0
0,0,0,0,0,0,0,0,0,0,0,0,0,0,0,TRUE,FALSE,FALSE,2,11,0
0,0,0,0,0,0,0,0,0,0,0,0,0,0,0,TRUE,FALSE,FALSE,2,12,0
0,0,0,0,0,0,0,0,0,0,0,0,0,0,0,TRUE,FALSE,FALSE,2,13,0
0,0,0,0,0,0,0,0,0,0,0,0,0,0,0,TRUE,FALSE,FALSE,2,14,0
0,0,0,0,0,0,0,0,0,0,0,0,0,0,0,TRUE,FALSE,FALSE,2,15,0
0,0,0,0,0,0,0,0,0,0,0,0,0,0,0,TRUE,FALSE,FALSE,2,16,0
0,0,0,0,0,0,0,0,0,0,0,0,0,0,0,TRUE,FALSE,FALSE,2,17,0
0,0,0,0,0,0,0,0,0,0,0,0,0,0,0,TRUE,FALSE,FALSE,2,18,0
0,0,0,0,0,0,0,0,0,0,0,0,0,0,0,TRUE,FALSE,FALSE,2,19,0
0,0,0,0,0,0,0,0,0,0,0,0,0,0,0,TRUE,FALSE,FALSE,2,20,0
0,0,0,0,0,0,0,0,0,0,0,0,0,0,0,TRUE,FALSE,FALSE,2,21,0
0,0,0,0,0,0,0,0,0,0,0,0,0,0,0,TRUE,FALSE,FALSE,2,22,0
0,0,0,0,0,0,0,0,0,0,0,0,0,0,0,TRUE,FALSE,FALSE,2,23,0
0,0,0,0,0,0,0,0,0,0,0,0,0,0,0,TRUE,FALSE,FALSE,2,24,0
0,0,0,0,0,0,0,0,0,0,0,0,0,0,0,TRUE,FALSE,FALSE,2,25,0
0,0,0,0,0,0,0,0,0,0,0,0,0,0,0,TRUE,FALSE,FALSE,2,26,0
0,0,0,0,0,0,0,0,0,0,0,0,0,0,0,TRUE,FALSE,FALSE,2,27,0
0,0,0,0,0,0,0,0,0,0,0,0,0,0,0,TRUE,FALSE,FALSE,2,28,0
0,0,0,0,0,0,0,0,0,0,0,0,0,0,0,TRUE,FALSE,FALSE,2,29,0
0,0,0,0,0,0,0,0,0,0,0,0,0,0,0,TRUE,FALSE,FALSE,3,1,0
0,0,0,0,0,0,0,0,0,0,0,0,0,0,0,TRUE,FALSE,FALSE,3,2,0
0,0,0,0,0,0,0,0,0,0,0,0,0,0,0,TRUE,FALSE,FALSE,3,3,0
0,0,0,0,0,0,0,0,0,0,0,0,0,0,0,TRUE,FALSE,FALSE,3,4,0
0,0,0,0,0,0,0,0,0,0,0,0,0,0,0,TRUE,FALSE,FALSE,3,5,0
0,0,0,0,0,0,0,0,0,0,0,0,0,0,0,TRUE,FALSE,FALSE,3,6,0
0,0,0,0,0,0,0,0,0,0,0,0,0,0,0,TRUE,FALSE,FALSE,3,7,0
0,0,0,0,0,0,0,0,0,0,0,0,0,0,0,TRUE,FALSE,FALSE,3,8,0
0.018,0,1,0,1,0,0,0,0,1,1,1,0,1,0,TRUE,FALSE,FALSE,3,9,0
0.018,0,1,1,0,1,0,0,0,1,0,0,1,1,1,TRUE,FALSE,FALSE,3,10,0
0.018,0,0,1,1,0,1,1,0,1,0,1,0,0,1,TRUE,FALSE,FALSE,3,11,0
0.018,0,0,0,0,1,1,0,1,1,0,0,1,0,1,TRUE,FALSE,FALSE,3,12,0
0.018,0,1,0,0,1,1,0,1,1,0,0,0,1,0,TRUE,FALSE,FALSE,3,13,0
0.018,0,1,0,1,1,0,0,0,1,0,0,1,0,1,TRUE,FALSE,FALSE,3,14,0
0.018,0,0,1,1,1,0,1,1,0,0,1,0,0,1,TRUE,FALSE,FALSE,3,15,0
0.018,0,0,1,1,0,0,1,0,0,0,1,1,0,1,TRUE,FALSE,FALSE,3,16,0
0.03,0,1,0,1,1,1,1,0,1,0,0,0,0,1,TRUE,FALSE,FALSE,3,17,0
0.049,0,0,0,1,0,1,1,0,0,0,1,1,0,1,TRUE,FALSE,FALSE,3,18,0
0.061,0,0,0,0,0,1,1,0,1,1,1,0,1,0,TRUE,FALSE,FALSE,3,19,0
0.061,0,0,1,0,1,0,1,0,0,1,0,1,0,1,TRUE,FALSE,FALSE,3,20,0
0.103,0,1,0,0,1,1,0,1,1,0,0,1,0,1,TRUE,FALSE,FALSE,3,21,0
0.146,0.012,1,0,0,1,1,1,0,0,0,0,1,0,1,TRUE,FALSE,FALSE,3,22,0
0.164,0.018,0,1,1,1,0,0,0,1,0,1,1,0,1,TRUE,FALSE,FALSE,3,23,0
0.2,0.018,1,0,1,1,1,1,0,1,0,1,0,0,0,TRUE,FALSE,FALSE,3,24,0
0.237,0.024,0,0,0,1,0,0,1,1,1,1,0,0,1,TRUE,FALSE,FALSE,3,25,0
0.237,0.03,1,1,1,0,1,0,0,0,1,0,0,1,0,TRUE,FALSE,FALSE,3,26,0
0.291,0.03,0,1,0,1,0,0,0,0,1,0,1,1,1,TRUE,FALSE,FALSE,3,27,0
0.291,0.03,1,1,0,0,1,0,1,1,0,0,0,1,0,TRUE,FALSE,FALSE,3,28,0
0.291,0.03,0,0,0,0,0,1,1,1,1,1,1,0,0,TRUE,FALSE,FALSE,3,29,0
0.298,0.03,0,1,0,1,1,0,1,0,1,1,1,0,0,TRUE,FALSE,FALSE,3,30,0
0.298,0.03,0,1,1,0,1,0,1,1,0,0,1,1,0,TRUE,FALSE,FALSE,3,31,0
0.31,0.03,1,1,0,1,0,0,1,0,1,0,1,0,1,TRUE,FALSE,FALSE,4,1,0
0.328,0.036,1,1,1,0,0,1,0,1,0,1,0,1,0,TRUE,FALSE,FALSE,4,2,0
0.34,0.036,1,0,0,1,1,0,1,0,1,1,0,0,1,TRUE,FALSE,FALSE,4,3,0
0.37,0.036,1,0,0,0,1,0,0,1,1,1,1,1,0,TRUE,FALSE,FALSE,4,4,0
0.425,0.049,0,1,1,1,0,0,1,0,0,1,0,1,1,TRUE,FALSE,FALSE,4,5,0
0.534,0.055,1,1,1,0,0,1,1,0,0,0,0,0,1,TRUE,FALSE,FALSE,4,6,0
0.747,0.073,0,1,1,1,0,0,1,1,1,0,0,1,0,TRUE,FALSE,FALSE,4,7,0
0.996,0.103,0,0,1,1,1,1,1,0,0,1,0,0,0,TRUE,FALSE,FALSE,4,8,0
1.324,0.121,0,0,0,1,0,1,1,0,0,0,1,1,1,TRUE,FALSE,FALSE,4,9,0
2.004,0.128,1,0,0,0,0,1,1,1,0,0,0,1,1,TRUE,FALSE,FALSE,4,10,0
2.575,0.164,0,0,0,1,0,1,0,0,0,1,1,1,1,TRUE,FALSE,FALSE,4,11,0
2.927,0.182,0,1,1,1,1,1,0,1,1,0,0,0,0,TRUE,FALSE,FALSE,4,12,0
3.771,0.206,0,1,0,1,0,1,1,0,1,0,1,1,0,TRUE,FALSE,FALSE,4,13,0
4.876,0.237,0,0,1,1,0,1,0,0,1,1,0,1,0,TRUE,FALSE,FALSE,4,14,0
6.145,0.279,0,1,1,1,1,0,1,0,1,0,0,0,0,TRUE,FALSE,FALSE,4,15,0
7.475,0.304,1,0,0,0,1,0,1,1,0,1,1,0,0,TRUE,FALSE,FALSE,4,16,0
9.545,0.364,1,1,0,1,0,0,0,0,0,1,0,1,1,TRUE,FALSE,FALSE,4,17,0
11.16,0.455,0,0,1,0,1,1,1,1,0,1,1,0,0,TRUE,FALSE,FALSE,4,18,0
13.018,0.51,1,0,1,0,0,1,0,1,0,0,1,1,0,TRUE,FALSE,FALSE,4,19,0
14.913,0.553,1,1,1,0,1,0,0,1,0,0,0,0,1,TRUE,FALSE,FALSE,4,20,0
17.9,0.613,1,0,1,1,1,0,0,0,1,0,0,0,1,TRUE,FALSE,FALSE,4,21,0
20.536,0.668,0,1,1,1,0,0,0,1,1,1,0,0,1,TRUE,FALSE,FALSE,4,22,0
22.904,0.729,0,0,1,0,0,0,0,1,0,1,1,1,1,TRUE,FALSE,FALSE,4,23,0
25.418,0.771,0,1,1,1,0,1,0,1,0,0,0,1,0,TRUE,FALSE,FALSE,4,24,0
28.472,0.795,1,0,0,0,1,1,1,0,1,1,1,0,0,TRUE,FALSE,FALSE,4,25,0
30.348,0.85,1,1,0,1,0,1,1,0,1,0,0,1,0,TRUE,FALSE,FALSE,4,26,0
32.886,0.88,0,1,1,0,1,1,1,1,0,0,0,0,0,TRUE,FALSE,FALSE,4,27,1
35.904,0.923,0,0,0,1,1,0,1,1,1,0,1,1,0,TRUE,FALSE,FALSE,4,28,1
39.238,0.941,0,0,1,0,1,1,1,0,1,1,0,0,1,TRUE,FALSE,FALSE,4,29,1
43.13,0.99,0,0,0,0,1,1,0,1,0,0,1,1,1,TRUE,FALSE,FALSE,4,30,1
46.554,1.02,0,0,1,1,1,0,0,1,0,1,0,0,1,TRUE,FALSE,FALSE,5,1,1
50.021,1.032,1,0,1,0,0,0,0,1,1,1,1,1,0,TRUE,FALSE,FALSE,5,2,1
53.373,1.063,1,1,1,0,0,1,0,0,1,0,1,0,1,TRUE,FALSE,FALSE,5,3,1
57.411,1.075,1,0,1,1,0,1,0,0,0,0,1,0,1,TRUE,FALSE,FALSE,5,4,1
61.589,1.105,1,1,1,1,1,0,1,0,1,0,0,0,0,TRUE,FALSE,FALSE,5,5,1
66.361,1.111,1,0,1,1,0,1,0,1,1,0,0,1,0,TRUE,FALSE,FALSE,5,6,1
71.158,1.129,0,0,1,1,0,0,1,1,1,0,1,0,1,TRUE,FALSE,FALSE,5,7,1
75.445,1.208,1,1,1,0,0,1,0,0,0,1,0,1,0,TRUE,FALSE,FALSE,5,8,1
79.75,1.251,1,1,0,0,0,1,1,0,0,1,1,0,0,TRUE,FALSE,FALSE,5,9,1
83.612,1.299,0,1,0,0,0,1,1,1,0,1,0,0,1,TRUE,FALSE,FALSE,5,10,1
88.998,1.384,0,0,1,1,1,0,0,1,0,0,0,1,1,TRUE,FALSE,FALSE,5,11,1
95.276,1.451,0,1,0,1,0,1,0,0,1,1,0,0,1,TRUE,FALSE,FALSE,5,12,1
101.16,1.518,0,0,1,0,0,1,0,1,1,0,1,1,1,TRUE,FALSE,FALSE,5,13,1
108.216,1.633,1,0,1,0,1,0,1,1,0,0,1,0,0,TRUE,FALSE,FALSE,5,14,1
114.537,1.718,1,0,1,1,0,0,1,1,0,1,0,0,1,TRUE,FALSE,FALSE,5,15,1
121.835,1.809,0,1,0,0,0,1,1,0,0,1,1,1,1,TRUE,FALSE,FALSE,5,16,1
127.482,1.907,1,1,0,0,0,1,1,0,1,0,0,1,1,TRUE,FALSE,FALSE,5,17,1
135.212,1.992,1,1,1,0,1,0,1,0,1,0,0,0,1,TRUE,FALSE,FALSE,5,18,1
144.94,2.119,1,0,0,0,1,0,1,0,0,0,1,1,1,TRUE,FALSE,FALSE,5,19,1
152.536,2.247,1,0,0,0,1,0,1,0,0,1,0,1,1,TRUE,FALSE,FALSE,5,20,1
162.354,2.344,1,0,1,0,1,1,0,0,0,1,0,1,1,TRUE,FALSE,FALSE,5,21,1
173.12,2.477,1,0,0,0,0,0,1,1,0,1,0,1,1,TRUE,FALSE,FALSE,5,22,1
183.406,2.623,0,1,0,0,0,0,0,1,1,1,1,0,1,TRUE,FALSE,FALSE,5,23,1
194.779,2.745,0,1,1,0,1,1,0,1,0,0,0,1,1,TRUE,FALSE,FALSE,5,24,1
204.081,2.915,0,0,1,0,0,1,0,1,1,1,0,0,1,TRUE,FALSE,FALSE,5,25,1
216.073,3.042,0,0,1,1,1,0,1,0,0,0,0,1,1,TRUE,FALSE,FALSE,5,26,1
223.153,3.17,1,0,0,1,0,0,1,0,1,0,1,1,1,TRUE,FALSE,FALSE,5,27,1
232.51,3.303,1,1,0,0,1,1,0,1,0,0,1,0,0,TRUE,FALSE,FALSE,5,28,1
244.831,3.394,0,0,1,1,0,1,0,0,1,1,1,0,1,TRUE,FALSE,FALSE,5,29,1
260.15,3.534,0,1,1,0,0,1,1,1,0,1,1,0,0,TRUE,FALSE,FALSE,5,30,1
270.861,3.704,1,1,1,1,1,1,0,0,1,0,0,0,0,TRUE,FALSE,FALSE,5,31,1
286.315,3.947,0,0,0,1,1,1,0,1,1,0,1,0,0,TRUE,FALSE,FALSE,6,1,1
300.772,4.08,0,0,1,1,1,0,0,0,0,1,1,0,1,TRUE,FALSE,FALSE,6,2,1
318.448,4.305,1,0,1,1,0,0,1,1,0,0,0,1,0,TRUE,FALSE,FALSE,6,3,1
334.812,4.53,1,1,1,0,0,1,1,0,0,0,0,1,0,TRUE,FALSE,FALSE,6,4,1
349.525,4.742,0,1,0,0,1,1,0,1,1,0,0,0,1,TRUE,FALSE,FALSE,6,5,1
366.696,4.924,1,1,0,0,1,1,0,0,1,1,1,0,0,TRUE,FALSE,FALSE,6,6,1
382.696,5.137,0,0,0,1,1,1,0,0,1,1,0,0,1,TRUE,FALSE,FALSE,6,7,1
399.352,5.392,0,1,1,1,0,0,0,1,1,0,0,1,0,TRUE,FALSE,FALSE,6,8,1
415.959,5.647,1,0,1,0,0,0,0,1,0,1,0,1,1,TRUE,FALSE,FALSE,6,9,1
435.213,5.92,0,0,0,0,0,1,0,0,1,1,1,1,1,TRUE,FALSE,FALSE,6,10,1
454.583,6.145,0,0,1,0,0,0,1,1,0,0,1,1,1,TRUE,FALSE,FALSE,6,11,1
473.935,6.37,0,0,0,1,1,1,1,1,0,0,1,0,0,TRUE,FALSE,FALSE,6,12,1
495.011,6.649,1,0,0,1,0,1,1,0,0,0,1,1,0,TRUE,FALSE,FALSE,6,13,1
512.352,6.916,0,1,1,0,0,1,0,0,1,1,0,1,1,TRUE,FALSE,FALSE,6,14,1
531.425,7.11,0,1,1,1,0,1,1,0,0,1,0,0,0,TRUE,FALSE,FALSE,6,15,1
550.242,7.341,1,0,1,1,0,0,1,0,0,0,1,0,1,TRUE,FALSE,FALSE,6,16,1
573.692,7.663,1,0,0,0,0,0,1,1,1,1,1,0,1,TRUE,FALSE,FALSE,6,17,1
598.029,7.924,1,0,1,0,0,0,1,1,0,1,0,0,1,TRUE,FALSE,FALSE,6,18,1
621.121,8.155,1,0,0,0,1,0,0,0,1,1,1,0,1,TRUE,FALSE,FALSE,6,19,1
640.812,8.428,1,0,1,0,1,0,1,1,1,0,1,0,0,TRUE,FALSE,FALSE,6,20,1
660.486,8.653,0,1,0,0,1,1,1,1,0,0,0,1,0,TRUE,FALSE,FALSE,6,21,1
681.926,8.889,0,1,0,0,1,1,0,1,0,1,0,0,1,TRUE,FALSE,FALSE,6,22,1
703.057,9.12,1,0,0,1,0,0,1,0,1,1,0,1,0,TRUE,FALSE,FALSE,6,23,1
723.775,9.381,1,1,0,0,1,1,0,0,1,0,1,0,0,TRUE,FALSE,FALSE,6,24,1
744.796,9.606,0,0,0,0,1,1,1,1,0,1,1,0,0,TRUE,FALSE,FALSE,6,25,1
768.756,9.843,0,1,1,0,0,1,0,0,0,0,1,1,1,TRUE,FALSE,FALSE,6,26,1
792.243,10.086,1,1,0,1,0,1,0,1,0,0,0,1,0,TRUE,FALSE,FALSE,6,27,1
813.519,10.292,1,0,0,1,0,0,1,1,0,1,0,0,1,TRUE,FALSE,FALSE,6,28,1
836.648,10.553,1,1,0,1,0,0,0,1,1,1,1,0,0,TRUE,FALSE,FALSE,6,29,1
861.021,10.826,1,1,1,1,1,0,0,0,1,1,0,0,0,TRUE,FALSE,FALSE,6,30,1
883.378,11.215,1,1,1,0,1,0,0,0,0,1,0,1,0,TRUE,FALSE,FALSE,7,1,1
906.3,11.464,1,1,0,1,0,1,0,0,1,0,0,1,1,TRUE,FALSE,FALSE,7,2,1
930.704,11.695,0,0,1,1,0,0,1,0,1,1,0,0,1,TRUE,FALSE,FALSE,7,3,1
949.612,11.95,1,1,0,1,0,0,1,0,0,1,0,1,0,TRUE,FALSE,FALSE,7,4,1
969.577,12.126,0,1,1,0,0,0,1,1,0,0,1,0,1,TRUE,FALSE,FALSE,7,5,1
986.202,12.46,1,1,0,0,1,0,1,0,0,1,1,0,1,TRUE,FALSE,FALSE,7,6,1
1005.639,12.727,1,0,0,1,1,0,1,1,1,0,0,0,0,TRUE,FALSE,FALSE,7,7,1
1024.019,13.061,1,1,0,0,1,0,0,0,0,1,0,1,1,TRUE,FALSE,FALSE,7,8,1
1045.204,13.34,0,1,1,1,1,1,1,0,0,1,0,0,0,TRUE,FALSE,FALSE,7,9,1
1065.606,13.589,0,1,1,1,0,0,1,0,1,1,0,0,0,TRUE,FALSE,FALSE,7,10,1
1083.512,13.814,1,1,0,0,0,1,1,1,1,0,0,1,0,TRUE,FALSE,FALSE,7,11,1
1099.822,13.996,1,1,1,0,1,1,0,1,0,0,0,0,1,TRUE,FALSE,FALSE,7,12,1
1116.01,14.281,0,1,1,1,0,1,0,1,0,1,0,1,0,TRUE,FALSE,FALSE,7,13,1
1134.827,14.518,0,0,1,0,0,1,1,0,1,1,0,0,1,TRUE,FALSE,FALSE,7,14,1
1154.033,14.719,1,1,0,0,1,0,1,0,1,0,0,1,0,TRUE,FALSE,FALSE,7,15,1
1175.486,14.919,1,1,0,0,0,0,0,0,1,1,1,1,1,TRUE,FALSE,FALSE,7,16,1
1192.08,15.156,1,0,1,1,0,0,1,1,0,0,0,1,1,TRUE,FALSE,FALSE,7,17,1
1210.503,15.465,1,1,1,0,0,0,0,0,0,0,1,1,1,TRUE,FALSE,FALSE,7,18,1
1226.952,15.672,0,0,1,0,1,1,0,1,1,1,0,0,1,TRUE,FALSE,FALSE,7,19,1
1241.883,15.897,1,0,0,1,0,1,1,1,1,0,0,0,1,TRUE,FALSE,FALSE,7,20,1
1259.662,16.2,1,1,0,0,0,0,1,0,1,0,1,1,1,TRUE,FALSE,FALSE,7,21,1
1278.224,16.449,0,0,0,1,1,0,0,1,1,0,1,1,0,TRUE,FALSE,FALSE,7,22,1
1294.886,16.704,0,0,0,1,0,1,1,1,0,1,0,0,1,TRUE,FALSE,FALSE,7,23,1
1312.228,17.008,0,0,1,0,1,0,1,0,0,0,1,1,1,TRUE,FALSE,FALSE,7,24,1
1327.699,17.22,0,1,1,0,1,1,0,0,0,0,1,1,0,TRUE,FALSE,FALSE,7,25,1
1343.001,17.451,0,1,0,1,0,1,1,0,1,0,1,0,0,TRUE,FALSE,FALSE,7,26,1
1356.815,17.779,1,0,1,0,0,0,1,0,0,0,1,1,1,TRUE,FALSE,FALSE,7,27,1
1373.647,18.004,1,1,1,0,0,1,1,0,1,0,0,1,0,TRUE,FALSE,FALSE,7,28,1
1391.62,18.216,0,0,1,1,0,1,1,1,0,0,1,0,1,TRUE,FALSE,FALSE,7,29,1
1409.891,18.429,1,1,0,1,0,1,1,1,0,0,0,1,0,TRUE,FALSE,FALSE,7,30,1
1426.255,18.72,0,1,0,0,0,1,1,0,1,1,0,0,1,TRUE,FALSE,FALSE,7,31,1
1443.086,18.89,1,0,0,1,0,1,0,1,1,1,0,0,0,TRUE,FALSE,FALSE,8,1,1
1456.439,19.018,0,1,0,1,1,0,0,0,1,1,0,1,1,TRUE,FALSE,FALSE,8,2,1
1461.819,19.151,0,1,1,1,0,0,0,1,0,1,1,0,1,TRUE,FALSE,FALSE,8,3,1
1470.052,19.333,0,0,0,0,0,1,1,1,1,1,1,1,0,TRUE,FALSE,FALSE,8,4,1
1481.698,19.637,0,0,1,1,1,1,0,0,0,1,0,1,0,TRUE,FALSE,FALSE,8,5,1
1497.814,19.837,0,1,1,1,1,1,0,0,1,1,0,0,0,TRUE,FALSE,FALSE,8,6,1
1515.89,20.074,0,0,1,1,1,0,0,1,1,0,0,1,0,TRUE,FALSE,FALSE,8,7,1
1533.201,20.238,1,0,1,1,0,0,1,0,1,1,0,0,1,TRUE,FALSE,FALSE,8,8,1
1549.056,20.432,0,1,0,0,1,1,0,0,1,0,1,1,1,TRUE,FALSE,FALSE,8,9,1
1549.081375,20.639,0,0,0,1,1,1,0,0,0,0,1,1,1,TRUE,FALSE,FALSE,8,10,1
1549.081375,20.876,1,0,0,0,1,1,0,1,0,1,0,1,1,TRUE,FALSE,FALSE,8,11,1
1549.081375,21.076,0,1,1,0,0,1,0,1,1,0,0,1,1,TRUE,FALSE,FALSE,8,12,1
1549.081375,21.331,1,0,0,1,1,0,1,0,1,0,0,1,1,TRUE,FALSE,FALSE,8,13,1
1549.081375,21.598,1,1,0,1,0,0,0,1,1,1,0,0,1,TRUE,FALSE,FALSE,8,14,1
1549.081375,21.805,1,0,1,0,0,1,1,0,0,0,1,1,0,TRUE,FALSE,FALSE,8,15,1
1549.081375,22.011,0,1,0,0,0,1,0,1,1,1,1,0,0,TRUE,FALSE,FALSE,8,16,1
1549.081375,22.205,0,1,0,1,1,0,0,0,1,1,0,0,1,TRUE,FALSE,FALSE,8,17,1
1549.081375,22.43,1,0,0,1,0,1,0,1,0,1,0,1,0,TRUE,FALSE,FALSE,8,18,1
1549.081375,22.709,0,1,0,1,0,1,1,1,0,0,1,0,1,TRUE,FALSE,FALSE,8,19,1
0,0,0,0,0,0,0,0,0,0,0,0,0,0,0,FALSE,TRUE,FALSE,12,31,0
0,0,0,0,0,0,0,0,0,0,0,0,0,0,0,FALSE,TRUE,FALSE,1,1,0
0,0,0,0,0,0,0,0,0,0,0,0,0,0,0,FALSE,TRUE,FALSE,1,2,0
0,0,0,0,0,0,0,0,0,0,0,0,0,0,0,FALSE,TRUE,FALSE,1,3,0
0,0,0,0,0,0,0,0,0,0,0,0,0,0,0,FALSE,TRUE,FALSE,1,4,0
0,0,0,0,0,0,0,0,0,0,0,0,0,0,0,FALSE,TRUE,FALSE,1,5,0
0,0,0,0,0,0,0,0,0,0,0,0,0,0,0,FALSE,TRUE,FALSE,1,6,0
0,0,0,0,0,0,0,0,0,0,0,0,0,0,0,FALSE,TRUE,FALSE,1,7,0
0,0,0,0,0,0,0,0,0,0,0,0,0,0,0,FALSE,TRUE,FALSE,1,8,0
0,0,0,0,0,0,0,0,0,0,0,0,0,0,0,FALSE,TRUE,FALSE,1,9,0
0,0,0,0,0,0,0,0,0,0,0,0,0,0,0,FALSE,TRUE,FALSE,1,10,0
0,0,0,0,0,0,0,0,0,0,0,0,0,0,0,FALSE,TRUE,FALSE,1,11,0
0,0,0,0,0,0,0,0,0,0,0,0,0,0,0,FALSE,TRUE,FALSE,1,12,0
0,0,0,0,0,0,0,0,0,0,0,0,0,0,0,FALSE,TRUE,FALSE,1,13,0
0,0,0,0,0,0,0,0,0,0,0,0,0,0,0,FALSE,TRUE,FALSE,1,14,0
0,0,0,0,0,0,0,0,0,0,0,0,0,0,0,FALSE,TRUE,FALSE,1,15,0
0,0,0,0,0,0,0,0,0,0,0,0,0,0,0,FALSE,TRUE,FALSE,1,16,0
0,0,0,0,0,0,0,0,0,0,0,0,0,0,0,FALSE,TRUE,FALSE,1,17,0
0,0,0,0,0,0,0,0,0,0,0,0,0,0,0,FALSE,TRUE,FALSE,1,18,0
0,0,0,0,0,0,0,0,0,0,0,0,0,0,0,FALSE,TRUE,FALSE,1,19,0
0,0,0,0,0,0,0,0,0,0,0,0,0,0,0,FALSE,TRUE,FALSE,1,20,0
0,0,0,0,0,0,0,0,0,0,0,0,0,0,0,FALSE,TRUE,FALSE,1,21,0
0,0,0,0,0,0,0,0,0,0,0,0,0,0,0,FALSE,TRUE,FALSE,1,22,0
0,0,0,0,0,0,0,0,0,0,0,0,0,0,0,FALSE,TRUE,FALSE,1,23,0
0,0,0,0,0,0,0,0,0,0,0,0,0,0,0,FALSE,TRUE,FALSE,1,24,0
0,0,0,0,0,0,0,0,0,0,0,0,0,0,0,FALSE,TRUE,FALSE,1,25,0
0,0,0,0,0,0,0,0,0,0,0,0,0,0,0,FALSE,TRUE,FALSE,1,26,0
0,0,0,0,0,0,0,0,0,0,0,0,0,0,0,FALSE,TRUE,FALSE,1,27,0
0,0,0,0,0,0,0,0,0,0,0,0,0,0,0,FALSE,TRUE,FALSE,1,28,0
0,0,0,0,0,0,0,0,0,0,0,0,0,0,0,FALSE,TRUE,FALSE,1,29,0
0.001,0,1,0,0,1,1,0,1,0,0,1,1,0,1,FALSE,TRUE,FALSE,1,30,0
0.001,0,1,0,0,1,0,1,1,0,1,1,0,0,1,FALSE,TRUE,FALSE,1,31,0
0.001,0,1,0,0,1,0,1,1,0,0,1,0,1,0,FALSE,TRUE,FALSE,2,1,0
0.001,0,0,0,1,0,1,1,0,1,0,0,0,1,1,FALSE,TRUE,FALSE,2,2,0
0.001,0,1,0,1,1,0,1,0,1,0,1,0,0,0,FALSE,TRUE,FALSE,2,3,0
0.002,0,1,1,0,1,0,1,0,0,1,0,1,1,0,FALSE,TRUE,FALSE,2,4,0
0.002,0,0,1,0,1,0,1,0,1,1,0,1,0,0,FALSE,TRUE,FALSE,2,5,0
0.002,0,1,1,1,1,0,1,0,0,0,0,0,1,0,FALSE,TRUE,FALSE,2,6,0
0.002,0,1,0,0,1,1,1,0,1,0,1,0,0,0,FALSE,TRUE,FALSE,2,7,0
0.002,0,1,0,0,0,1,0,1,1,1,0,1,0,1,FALSE,TRUE,FALSE,2,8,0
0.002,0,1,0,0,0,1,0,1,1,1,1,0,1,0,FALSE,TRUE,FALSE,2,9,0
0.002,0,1,1,1,1,1,0,1,0,0,1,0,0,0,FALSE,TRUE,FALSE,2,10,0
0.002,0,0,1,0,1,0,0,1,1,0,1,1,0,1,FALSE,TRUE,FALSE,2,11,0
0.002,0,1,0,1,1,0,0,0,1,1,0,1,0,0,FALSE,TRUE,FALSE,2,12,0
0.002,0,1,0,1,1,0,1,0,0,0,0,1,0,1,FALSE,TRUE,FALSE,2,13,0
0.002,0,0,1,1,0,1,0,0,1,1,0,0,1,0,FALSE,TRUE,FALSE,2,14,0
0.002,0,0,0,1,0,0,0,1,1,1,1,1,0,1,FALSE,TRUE,FALSE,2,15,0
0.002,0,1,1,1,0,1,1,1,0,0,0,1,0,0,FALSE,TRUE,FALSE,2,16,0
0.002,0,0,1,1,1,0,0,1,0,0,1,0,1,1,FALSE,TRUE,FALSE,2,17,0
0.002,0,0,0,1,1,1,0,1,1,1,1,0,0,0,FALSE,TRUE,FALSE,2,18,0
0.002,0,1,1,0,1,1,0,0,1,1,0,1,0,0,FALSE,TRUE,FALSE,2,19,0
0.002,0,0,0,1,1,1,1,0,0,0,0,0,1,1,FALSE,TRUE,FALSE,2,20,0
0.002,0,1,0,1,0,1,0,1,0,0,1,1,1,0,FALSE,TRUE,FALSE,2,21,0
0.002,0,0,1,1,1,1,0,1,0,0,0,0,1,1,FALSE,TRUE,FALSE,2,22,0
0.002,0,0,1,1,0,0,1,1,0,1,1,0,0,1,FALSE,TRUE,FALSE,2,23,0
0.002,0,1,1,1,1,0,0,0,0,0,0,1,0,1,FALSE,TRUE,FALSE,2,24,0
0.002,0,1,1,1,0,1,0,1,0,1,0,0,1,0,FALSE,TRUE,FALSE,2,25,0
0.002,0,1,1,1,0,1,1,0,1,0,0,0,0,1,FALSE,TRUE,FALSE,2,26,0
0.002,0,1,1,0,1,0,1,1,0,0,1,0,0,1,FALSE,TRUE,FALSE,2,27,0
0.002,0,0,1,1,1,0,1,0,1,0,0,0,1,0,FALSE,TRUE,FALSE,2,28,0
0.002,0,1,1,1,0,0,0,0,0,1,0,1,1,0,FALSE,TRUE,FALSE,2,29,0
0.002,0,1,1,0,0,1,1,0,0,0,0,0,1,1,FALSE,TRUE,FALSE,3,1,0
0.002,0,1,0,1,1,0,1,1,0,1,0,0,0,0,FALSE,TRUE,FALSE,3,2,0
0.004,0,1,0,0,1,0,1,1,1,1,0,0,1,0,FALSE,TRUE,FALSE,3,3,0
0.004,0,0,1,1,0,0,1,0,1,0,0,1,1,0,FALSE,TRUE,FALSE,3,4,0
0.02,0,0,1,1,1,1,1,0,0,1,0,1,0,0,FALSE,TRUE,FALSE,3,5,0
0.021,0,1,1,0,0,0,0,1,0,1,0,1,1,0,FALSE,TRUE,FALSE,3,6,0
0.022,0,0,0,0,0,0,1,1,0,1,1,1,0,1,FALSE,TRUE,FALSE,3,7,0
0.025,0,1,0,1,1,0,1,0,1,0,1,1,0,0,FALSE,TRUE,FALSE,3,8,0
0.025,0,0,1,1,1,1,1,0,1,0,0,0,0,1,FALSE,TRUE,FALSE,3,9,0
0.032,0,0,0,1,1,0,0,1,0,1,0,0,1,1,FALSE,TRUE,FALSE,3,10,0
0.036,0,1,0,0,1,1,0,0,1,1,1,0,1,0,FALSE,TRUE,FALSE,3,11,0
0.053,0,0,1,1,0,1,0,0,1,1,0,0,1,0,FALSE,TRUE,FALSE,3,12,0
0.054,0.001,0,0,1,1,1,1,0,0,1,0,1,0,1,FALSE,TRUE,FALSE,3,13,0
0.06,0.001,1,0,1,1,1,0,0,1,0,1,0,0,0,FALSE,TRUE,FALSE,3,14,0
0.065,0.001,1,1,1,1,1,1,0,0,0,0,0,1,0,FALSE,TRUE,FALSE,3,15,0
0.067,0.001,0,1,0,1,0,0,0,1,0,1,0,1,1,FALSE,TRUE,FALSE,3,16,0
0.091,0.002,1,1,0,0,1,0,1,1,0,1,0,0,0,FALSE,TRUE,FALSE,3,17,0
0.099,0.002,1,0,0,0,1,0,1,1,1,0,0,1,0,FALSE,TRUE,FALSE,3,18,0
0.12,0.002,0,1,0,1,0,1,0,1,1,0,1,0,0,FALSE,TRUE,FALSE,3,19,0
0.138,0.003,1,1,0,0,0,1,1,1,0,0,0,0,1,FALSE,TRUE,FALSE,3,20,0
0.167,0.003,1,1,1,1,1,1,1,0,0,0,0,0,0,FALSE,TRUE,FALSE,3,21,0
0.232,0.003,1,0,1,1,1,0,0,1,0,1,0,1,0,FALSE,TRUE,FALSE,3,22,0
0.318,0.005,0,1,1,0,0,0,1,1,0,1,1,0,1,FALSE,TRUE,FALSE,3,23,0
0.357,0.007,1,0,0,1,0,1,0,0,1,1,0,1,0,FALSE,TRUE,FALSE,3,24,0
0.407,0.007,1,1,1,1,0,0,1,0,0,1,1,0,0,FALSE,TRUE,FALSE,3,25,0
0.47,0.009,0,0,0,1,1,0,1,0,1,0,1,0,1,FALSE,TRUE,FALSE,3,26,0
0.525,0.012,1,1,0,1,0,0,0,0,1,0,1,1,1,FALSE,TRUE,FALSE,3,27,0
0.633,0.014,0,0,1,0,1,1,1,0,0,1,1,0,0,FALSE,TRUE,FALSE,3,28,0
0.709,0.018,0,1,1,0,0,1,0,1,1,0,1,1,0,FALSE,TRUE,FALSE,3,29,0
0.776,0.021,0,1,0,1,1,0,0,0,0,1,1,1,1,FALSE,TRUE,FALSE,3,30,0
0.907,0.023,0,0,1,1,0,0,1,1,0,0,1,1,0,FALSE,TRUE,FALSE,3,31,0
1.012,0.025,1,0,1,1,1,1,0,0,1,0,0,0,1,FALSE,TRUE,FALSE,4,1,0
1.424,0.036,1,0,1,0,0,1,1,0,1,1,0,0,0,FALSE,TRUE,FALSE,4,2,0
1.667,0.041,0,1,1,0,0,0,1,1,0,1,1,0,1,FALSE,TRUE,FALSE,4,3,0
2.103,0.049,0,0,0,1,1,1,1,1,1,0,0,1,0,FALSE,TRUE,FALSE,4,4,0
2.445,0.056,1,0,0,0,1,1,0,1,0,1,0,1,0,FALSE,TRUE,FALSE,4,5,0
2.947,0.079,1,1,1,0,0,1,0,0,0,1,0,1,1,FALSE,TRUE,FALSE,4,6,0
3.204,0.083,0,1,0,0,1,1,1,1,1,0,0,0,0,FALSE,TRUE,FALSE,4,7,0
3.764,0.108,0,0,1,1,0,1,0,1,0,0,1,1,1,FALSE,TRUE,FALSE,4,8,0
4.155,0.12,0,0,1,0,0,0,1,1,1,0,1,1,0,FALSE,TRUE,FALSE,4,9,0
4.646,0.144,1,0,1,1,0,0,1,0,1,1,0,1,0,FALSE,TRUE,FALSE,4,10,0
5.396,0.173,1,0,0,0,0,0,0,1,1,1,1,1,0,FALSE,TRUE,FALSE,4,11,0
6.055,0.198,0,1,1,1,0,0,0,1,1,1,1,0,0,FALSE,TRUE,FALSE,4,12,0
6.632,0.223,0,0,1,1,0,0,1,0,0,1,1,1,1,FALSE,TRUE,FALSE,4,13,0
7.509,0.246,0,0,0,0,0,1,1,1,0,1,1,1,0,FALSE,TRUE,FALSE,4,14,0
8.288,0.273,1,1,1,0,0,1,0,0,0,0,0,1,1,FALSE,TRUE,FALSE,4,15,0
8.971,0.3,1,0,1,1,0,0,0,1,1,0,0,1,0,FALSE,TRUE,FALSE,4,16,0
9.701,0.317,0,1,1,0,1,0,1,1,0,1,1,0,0,FALSE,TRUE,FALSE,4,17,0
10.419,0.348,1,0,0,1,0,1,0,1,1,0,0,1,0,FALSE,TRUE,FALSE,4,18,0
11.385,0.367,1,1,1,0,1,0,1,0,0,1,0,0,0,FALSE,TRUE,FALSE,4,19,0
12.511,0.393,0,1,1,0,1,1,0,0,1,0,1,0,1,FALSE,TRUE,FALSE,4,20,0
13.478,0.428,1,0,0,1,1,1,1,0,1,0,0,0,0,FALSE,TRUE,FALSE,4,21,0
14.481,0.464,0,1,0,1,1,1,1,0,0,0,1,0,0,FALSE,TRUE,FALSE,4,22,0
15.502,0.493,1,1,0,0,0,0,1,0,1,0,1,1,0,FALSE,TRUE,FALSE,4,23,0
16.722,0.52,1,0,1,1,0,1,1,1,0,0,0,0,0,FALSE,TRUE,FALSE,4,24,0
17.758,0.562,0,0,0,0,1,1,1,0,0,0,1,1,1,FALSE,TRUE,FALSE,4,25,0
19.2,0.597,1,0,1,0,1,0,0,0,1,1,0,1,0,FALSE,TRUE,FALSE,4,26,0
20.212,0.632,1,0,1,0,1,0,1,0,1,0,0,1,1,FALSE,TRUE,FALSE,4,27,0
21.33,0.677,1,1,0,1,1,0,0,1,0,0,0,0,1,FALSE,TRUE,FALSE,4,28,0
22.704,0.73,0,1,0,1,0,0,1,0,1,1,0,1,0,FALSE,TRUE,FALSE,4,29,0
23.949,0.778,0,1,1,0,0,0,1,1,1,1,0,1,0,FALSE,TRUE,FALSE,4,30,0
25.393,0.831,1,1,0,0,0,1,1,1,0,0,0,0,1,FALSE,TRUE,FALSE,5,1,0
27.055,0.883,0,1,0,0,0,0,1,1,0,1,1,1,1,FALSE,TRUE,FALSE,5,2,1
28.971,0.943,0,1,0,0,1,1,1,0,0,0,1,1,0,FALSE,TRUE,FALSE,5,3,1
30.821,0.995,0,0,1,1,1,0,0,0,1,1,1,0,1,FALSE,TRUE,FALSE,5,4,1
33.647,1.136,1,0,1,1,1,0,0,0,1,1,0,1,0,FALSE,TRUE,FALSE,5,5,1
35.79,1.228,1,1,0,1,1,1,0,1,1,0,0,0,0,FALSE,TRUE,FALSE,5,6,1
38.371,1.292,0,1,0,0,1,1,0,0,1,1,1,1,0,FALSE,TRUE,FALSE,5,7,1
40.827,1.367,0,1,1,1,1,0,1,1,0,0,0,0,0,FALSE,TRUE,FALSE,5,8,1
43.233,1.436,1,0,0,0,1,1,1,1,0,1,0,0,1,FALSE,TRUE,FALSE,5,9,1
45.608,1.528,1,1,0,1,1,0,0,1,0,1,0,0,1,FALSE,TRUE,FALSE,5,10,1
48.661,1.599,0,1,0,0,1,1,1,1,0,0,1,0,1,FALSE,TRUE,FALSE,5,11,1
51.272,1.662,0,0,1,0,0,1,1,0,1,1,0,0,1,FALSE,TRUE,FALSE,5,12,1
53.827,1.75,0,1,1,0,0,0,0,1,1,0,1,1,0,FALSE,TRUE,FALSE,5,13,1
56.524,1.847,1,0,1,0,0,1,1,0,1,1,0,1,0,FALSE,TRUE,FALSE,5,14,1
59.398,1.92,0,0,1,0,1,1,1,0,1,0,1,1,0,FALSE,TRUE,FALSE,5,15,1
62.275,1.994,1,0,1,0,0,1,1,1,0,0,1,0,0,FALSE,TRUE,FALSE,5,16,1
65.889,2.081,0,0,1,1,0,1,0,1,0,0,1,1,0,FALSE,TRUE,FALSE,5,17,1
69.687,2.195,1,0,1,1,1,0,0,0,0,0,1,1,1,FALSE,TRUE,FALSE,5,18,1
73.289,2.292,0,1,1,0,0,1,0,1,0,1,0,0,1,FALSE,TRUE,FALSE,5,19,1
77.355,2.393,1,0,1,0,1,1,0,1,0,1,0,0,1,FALSE,TRUE,FALSE,5,20,1
81.419,2.489,0,1,0,1,0,1,0,0,1,1,0,0,1,FALSE,TRUE,FALSE,5,21,1
85.831,2.596,1,1,0,0,0,1,0,1,0,0,1,1,1,FALSE,TRUE,FALSE,5,22,1
90.653,2.696,1,1,0,1,1,0,0,0,1,0,1,0,0,FALSE,TRUE,FALSE,5,23,1
95.556,2.802,0,1,1,1,0,1,1,0,1,0,0,0,1,FALSE,TRUE,FALSE,5,24,1
100.612,2.914,0,1,0,1,1,0,1,1,0,1,0,1,0,FALSE,TRUE,FALSE,5,25,1
105.347,3.02,0,0,0,1,1,1,1,1,0,1,0,0,1,FALSE,TRUE,FALSE,5,26,1
109.976,3.143,1,1,0,1,1,0,1,0,1,0,0,0,0,FALSE,TRUE,FALSE,5,27,1
114.734,3.283,1,1,1,0,0,0,0,0,1,1,0,0,1,FALSE,TRUE,FALSE,5,28,1
120.144,3.41,0,1,1,0,1,0,0,0,1,0,0,1,1,FALSE,TRUE,FALSE,5,29,1
125.915,3.602,1,1,1,0,1,0,0,1,0,1,1,0,0,FALSE,TRUE,FALSE,5,30,1
131.987,3.742,0,1,1,1,1,0,0,0,0,0,1,1,0,FALSE,TRUE,FALSE,5,31,1
138.068,3.909,0,0,0,1,1,1,1,1,1,1,0,0,0,FALSE,TRUE,FALSE,6,1,1
143.989,4.057,0,0,1,0,0,1,1,0,0,1,1,1,1,FALSE,TRUE,FALSE,6,2,1
150.445,4.214,0,0,0,1,0,1,1,1,1,0,0,1,0,FALSE,TRUE,FALSE,6,3,1
157.187,4.402,0,0,0,0,1,1,0,0,0,1,1,1,1,FALSE,TRUE,FALSE,6,4,1
164.326,4.6,0,0,1,1,1,1,0,0,0,0,1,0,1,FALSE,TRUE,FALSE,6,5,1
171.49,4.813,0,0,0,1,0,0,1,0,1,1,1,1,1,FALSE,TRUE,FALSE,6,6,1
178.715,5.021,1,0,1,1,0,0,1,1,0,1,0,0,1,FALSE,TRUE,FALSE,6,7,1
185.949,5.17,0,0,1,0,0,1,0,0,1,1,1,1,1,FALSE,TRUE,FALSE,6,8,1
193.186,5.41,0,0,1,1,0,1,1,0,0,1,1,0,0,FALSE,TRUE,FALSE,6,9,1
200.422,5.612,0,1,1,1,1,0,1,1,0,0,1,0,0,FALSE,TRUE,FALSE,6,10,1
207.665,5.871,1,0,0,0,1,1,1,1,0,1,0,0,0,FALSE,TRUE,FALSE,6,11,1
215.604,6.158,1,1,0,1,0,1,1,0,1,0,0,1,0,FALSE,TRUE,FALSE,6,12,1
223.907,6.438,0,1,1,0,0,0,0,1,1,1,0,1,0,FALSE,TRUE,FALSE,6,13,1
232.551,6.663,1,1,0,0,0,0,0,0,0,1,1,1,1,FALSE,TRUE,FALSE,6,14,1
240.886,6.899,0,1,1,0,1,0,1,1,1,1,0,0,0,FALSE,TRUE,FALSE,6,15,1
248.616,7.174,0,1,1,1,0,0,0,1,0,1,1,1,0,FALSE,TRUE,FALSE,6,16,1
256.568,8.625,1,1,0,1,1,1,0,1,0,0,0,0,1,FALSE,TRUE,FALSE,6,17,1
265.902,8.867,1,0,1,1,0,0,1,0,0,1,0,0,1,FALSE,TRUE,FALSE,6,18,1
275.747,9.111,0,1,1,0,1,0,0,0,0,1,1,1,1,FALSE,TRUE,FALSE,6,19,1
286.266,9.383,1,1,0,1,1,0,1,0,0,0,0,1,0,FALSE,TRUE,FALSE,6,20,1
297.435,9.604,0,1,0,0,1,1,1,0,1,0,0,1,1,FALSE,TRUE,FALSE,6,21,1
308.174,9.927,1,0,1,0,0,1,0,0,1,0,1,0,1,FALSE,TRUE,FALSE,6,22,1
318.995,10.153,0,0,0,1,1,0,0,1,1,0,1,0,1,FALSE,TRUE,FALSE,6,23,1
330.566,10.49,0,0,0,1,0,1,0,1,1,1,1,1,0,FALSE,TRUE,FALSE,6,24,1
342.829,10.793,1,0,1,1,0,0,0,1,0,1,1,0,0,FALSE,TRUE,FALSE,6,25,1
355.362,11.088,0,0,0,1,1,1,1,0,0,1,0,1,0,FALSE,TRUE,FALSE,6,26,1
368.805,11.366,1,0,1,0,1,0,0,1,1,0,0,1,0,FALSE,TRUE,FALSE,6,27,1
383.23,11.663,0,0,0,1,1,1,0,0,1,0,1,1,0,FALSE,TRUE,FALSE,6,28,1
397.331,11.938,0,1,1,0,0,1,1,1,1,0,0,1,0,FALSE,TRUE,FALSE,6,29,1
410.752,12.241,1,1,0,1,1,1,1,0,0,0,0,0,0,FALSE,TRUE,FALSE,6,30,1
424.269,12.609,1,1,1,1,0,1,0,1,0,0,1,0,0,FALSE,TRUE,FALSE,7,1,1
438.144,12.923,0,1,0,0,0,1,0,0,1,1,1,0,1,FALSE,TRUE,FALSE,7,2,1
453.291,13.198,0,0,0,1,1,1,0,1,0,0,0,1,1,FALSE,TRUE,FALSE,7,3,1
469.792,13.518,1,0,0,1,0,1,1,0,0,1,0,1,1,FALSE,TRUE,FALSE,7,4,1
487.799,13.962,1,0,0,0,1,0,1,0,0,1,1,1,1,FALSE,TRUE,FALSE,7,5,1
505.37,14.27,0,1,1,0,0,0,1,1,0,0,1,1,0,FALSE,TRUE,FALSE,7,6,1
521.495,14.609,1,0,1,1,1,0,1,0,1,0,0,0,0,FALSE,TRUE,FALSE,7,7,1
537.982,14.958,0,1,1,0,0,1,0,0,0,1,0,1,1,FALSE,TRUE,FALSE,7,8,1
556.01,15.311,1,0,0,1,1,0,0,1,0,1,1,1,0,FALSE,TRUE,FALSE,7,9,1
575.217,15.655,0,1,1,1,1,0,1,0,0,0,1,1,0,FALSE,TRUE,FALSE,7,10,1
594.865,16.031,1,0,1,1,0,0,1,1,0,0,1,0,0,FALSE,TRUE,FALSE,7,11,1
615.616,16.43,1,1,1,0,1,0,1,0,0,1,0,1,0,FALSE,TRUE,FALSE,7,12,1
636.414,16.793,1,0,1,0,0,1,0,0,1,1,1,0,1,FALSE,TRUE,FALSE,7,13,1
657.065,17.193,1,1,1,0,1,0,0,0,0,1,0,0,1,FALSE,TRUE,FALSE,7,14,1
678.39,17.615,1,1,1,0,0,0,0,0,1,1,1,0,1,FALSE,TRUE,FALSE,7,15,1
702.082,18.054,1,0,0,1,0,0,1,1,0,0,1,1,0,FALSE,TRUE,FALSE,7,16,1
727.412,18.552,1,1,1,0,0,1,0,0,0,1,1,1,0,FALSE,TRUE,FALSE,7,17,1
752.69,19.038,1,0,1,1,1,1,0,1,0,0,0,0,0,FALSE,TRUE,FALSE,7,18,1
780.88,19.432,1,0,0,0,1,1,0,1,1,0,0,0,1,FALSE,TRUE,FALSE,7,19,1
810.174,19.925,0,1,0,1,0,1,1,0,1,1,0,0,0,FALSE,TRUE,FALSE,7,20,1
837.092,20.351,1,1,0,0,1,0,1,0,0,1,0,1,0,FALSE,TRUE,FALSE,7,21,1
864.428,20.82,0,1,1,1,1,0,0,0,0,0,1,1,0,FALSE,TRUE,FALSE,7,22,1
897.559,21.638,1,0,1,0,0,0,1,0,1,1,0,0,1,FALSE,TRUE,FALSE,7,23,1
933.291,22.175,1,1,1,1,0,1,1,0,0,1,0,0,0,FALSE,TRUE,FALSE,7,24,1
968.737,22.723,1,0,1,1,0,0,0,0,1,0,1,0,1,FALSE,TRUE,FALSE,7,25,1
1003.998,23.234,1,1,0,0,1,1,1,1,0,1,0,0,0,FALSE,TRUE,FALSE,7,26,1
1040.18,23.747,1,0,0,0,1,1,0,0,0,1,1,1,1,FALSE,TRUE,FALSE,7,27,1
1074.747,24.221,0,1,0,1,1,0,1,0,0,1,1,1,0,FALSE,TRUE,FALSE,7,28,1
1109.902,24.777,1,0,0,1,1,0,0,1,0,1,1,0,0,FALSE,TRUE,FALSE,7,29,1
1147.672,25.339,1,0,1,0,0,1,1,0,1,1,1,0,0,FALSE,TRUE,FALSE,7,30,1
1187.583,25.904,0,1,0,1,0,1,1,1,0,0,1,0,0,FALSE,TRUE,FALSE,7,31,1
1228.973,26.457,0,0,1,0,1,0,0,1,1,1,0,1,1,FALSE,TRUE,FALSE,8,1,1
1268.636,27.075,0,1,1,0,1,1,0,0,1,0,0,0,1,FALSE,TRUE,FALSE,8,2,1
1307.021,27.634,0,1,0,1,1,1,1,1,0,0,0,0,1,FALSE,TRUE,FALSE,8,3,1
1344.738,28.216,1,1,0,0,0,0,1,1,0,1,1,0,1,FALSE,TRUE,FALSE,8,4,1
1382.788,28.837,0,0,1,1,0,1,0,1,1,0,0,0,1,FALSE,TRUE,FALSE,8,5,1
1423.572,29.1775,0,0,1,1,0,1,1,0,0,1,0,1,1,FALSE,TRUE,FALSE,8,6,1
1468.89,29.1775,0,0,0,1,1,0,1,1,1,0,0,1,0,FALSE,TRUE,FALSE,8,7,1
1513.481,29.1775,0,1,0,0,1,1,1,0,1,0,1,0,0,FALSE,TRUE,FALSE,8,8,1
1549.081375,29.1775,1,0,1,0,1,0,0,1,0,1,0,1,0,FALSE,TRUE,FALSE,8,9,1
1549.081375,29.1775,0,0,1,1,1,0,1,0,0,1,0,0,1,FALSE,TRUE,FALSE,8,10,1
1549.081375,29.1775,1,0,0,0,0,1,0,0,1,1,1,1,0,FALSE,TRUE,FALSE,8,11,1
1549.081375,29.1775,0,1,0,0,0,1,1,1,0,0,0,1,1,FALSE,TRUE,FALSE,8,12,1
1549.081375,29.1775,0,0,1,1,0,0,1,1,1,1,0,0,1,FALSE,TRUE,FALSE,8,13,1
1549.081375,29.1775,0,0,0,0,0,1,0,1,1,1,0,1,1,FALSE,TRUE,FALSE,8,14,1
1549.081375,29.1775,0,1,1,0,0,0,0,1,1,0,1,1,0,FALSE,TRUE,FALSE,8,15,1
1549.081375,29.1775,1,0,1,1,1,0,1,0,0,1,0,0,0,FALSE,TRUE,FALSE,8,16,1
1549.081375,29.1775,1,1,0,0,0,0,1,1,1,0,0,1,1,FALSE,TRUE,FALSE,8,17,1
1549.081375,29.1775,0,0,1,1,1,0,1,1,0,1,0,0,1,FALSE,TRUE,FALSE,8,18,1
1549.081375,29.1775,0,1,0,1,1,0,0,0,0,0,1,1,1,FALSE,TRUE,FALSE,8,19,1
0,0,0,0,0,0,0,0,0,0,0,0,0,0,0,FALSE,FALSE,TRUE,12,31,0
0,0,0,0,0,0,0,0,0,0,0,0,0,0,0,FALSE,FALSE,TRUE,1,1,0
0,0,0,0,0,0,0,0,0,0,0,0,0,0,0,FALSE,FALSE,TRUE,1,2,0
0,0,0,0,0,0,0,0,0,0,0,0,0,0,0,FALSE,FALSE,TRUE,1,3,0
0,0,0,0,0,0,0,0,0,0,0,0,0,0,0,FALSE,FALSE,TRUE,1,4,0
0,0,0,0,0,0,0,0,0,0,0,0,0,0,0,FALSE,FALSE,TRUE,1,5,0
0,0,0,0,0,0,0,0,0,0,0,0,0,0,0,FALSE,FALSE,TRUE,1,6,0
0,0,0,0,0,0,0,0,0,0,0,0,0,0,0,FALSE,FALSE,TRUE,1,7,0
0,0,0,0,0,0,0,0,0,0,0,0,0,0,0,FALSE,FALSE,TRUE,1,8,0
0,0,0,0,0,0,0,0,0,0,0,0,0,0,0,FALSE,FALSE,TRUE,1,9,0
0,0,0,0,0,0,0,0,0,0,0,0,0,0,0,FALSE,FALSE,TRUE,1,10,0
0,0,0,0,0,0,0,0,0,0,0,0,0,0,0,FALSE,FALSE,TRUE,1,11,0
0,0,0,0,0,0,0,0,0,0,0,0,0,0,0,FALSE,FALSE,TRUE,1,12,0
0,0,0,0,0,0,0,0,0,0,0,0,0,0,0,FALSE,FALSE,TRUE,1,13,0
0,0,0,0,0,0,0,0,0,0,0,0,0,0,0,FALSE,FALSE,TRUE,1,14,0
0,0,0,0,0,0,0,0,0,0,0,0,0,0,0,FALSE,FALSE,TRUE,1,15,0
0,0,0,0,0,0,0,0,0,0,0,0,0,0,0,FALSE,FALSE,TRUE,1,16,0
0,0,0,0,0,0,0,0,0,0,0,0,0,0,0,FALSE,FALSE,TRUE,1,17,0
0,0,0,0,0,0,0,0,0,0,0,0,0,0,0,FALSE,FALSE,TRUE,1,18,0
0,0,0,0,0,0,0,0,0,0,0,0,0,0,0,FALSE,FALSE,TRUE,1,19,0
0,0,0,0,0,0,0,0,0,0,0,0,0,0,0,FALSE,FALSE,TRUE,1,20,0
0,0,0,0,0,0,0,0,0,0,0,0,0,0,0,FALSE,FALSE,TRUE,1,21,0
0,0,0,0,0,0,0,0,0,0,0,0,0,0,0,FALSE,FALSE,TRUE,1,22,0
0,0,0,0,0,0,0,0,0,0,0,0,0,0,0,FALSE,FALSE,TRUE,1,23,0
0,0,0,0,0,0,0,0,0,0,0,0,0,0,0,FALSE,FALSE,TRUE,1,24,0
0,0,0,0,0,0,0,0,0,0,0,0,0,0,0,FALSE,FALSE,TRUE,1,25,0
0,0,0,0,0,0,0,0,0,0,0,0,0,0,0,FALSE,FALSE,TRUE,1,26,0
0,0,0,0,0,0,0,0,0,0,0,0,0,0,0,FALSE,FALSE,TRUE,1,27,0
0,0,0,0,0,0,0,0,0,0,0,0,0,0,0,FALSE,FALSE,TRUE,1,28,0
0,0,0,0,0,0,0,0,0,0,0,0,0,0,0,FALSE,FALSE,TRUE,1,29,0
0,0,0,0,0,0,0,0,0,0,0,0,0,0,0,FALSE,FALSE,TRUE,1,30,0
0,0,0,0,0,0,0,0,0,0,0,0,0,0,0,FALSE,FALSE,TRUE,1,31,0
0,0,0,0,0,0,0,0,0,0,0,0,0,0,0,FALSE,FALSE,TRUE,2,1,0
0,0,0,0,0,0,0,0,0,0,0,0,0,0,0,FALSE,FALSE,TRUE,2,2,0
0,0,0,0,0,0,0,0,0,0,0,0,0,0,0,FALSE,FALSE,TRUE,2,3,0
0,0,0,0,0,0,0,0,0,0,0,0,0,0,0,FALSE,FALSE,TRUE,2,4,0
0,0,0,0,0,0,0,0,0,0,0,0,0,0,0,FALSE,FALSE,TRUE,2,5,0
0,0,0,0,0,0,0,0,0,0,0,0,0,0,0,FALSE,FALSE,TRUE,2,6,0
0,0,0,0,0,0,0,0,0,0,0,0,0,0,0,FALSE,FALSE,TRUE,2,7,0
0,0,0,0,0,0,0,0,0,0,0,0,0,0,0,FALSE,FALSE,TRUE,2,8,0
0,0,0,0,0,0,0,0,0,0,0,0,0,0,0,FALSE,FALSE,TRUE,2,9,0
0,0,0,0,0,0,0,0,0,0,0,0,0,0,0,FALSE,FALSE,TRUE,2,10,0
0,0,0,0,0,0,0,0,0,0,0,0,0,0,0,FALSE,FALSE,TRUE,2,11,0
0,0,0,0,0,0,0,0,0,0,0,0,0,0,0,FALSE,FALSE,TRUE,2,12,0
0,0,0,0,0,0,0,0,0,0,0,0,0,0,0,FALSE,FALSE,TRUE,2,13,0
0,0,0,0,0,0,0,0,0,0,0,0,0,0,0,FALSE,FALSE,TRUE,2,14,0
0,0,0,0,0,0,0,0,0,0,0,0,0,0,0,FALSE,FALSE,TRUE,2,15,0
0,0,0,0,0,0,0,0,0,0,0,0,0,0,0,FALSE,FALSE,TRUE,2,16,0
0,0,0,0,0,0,0,0,0,0,0,0,0,0,0,FALSE,FALSE,TRUE,2,17,0
0,0,0,0,0,0,0,0,0,0,0,0,0,0,0,FALSE,FALSE,TRUE,2,18,0
0,0,0,0,0,0,0,0,0,0,0,0,0,0,0,FALSE,FALSE,TRUE,2,19,0
0,0,0,0,0,0,0,0,0,0,0,0,0,0,0,FALSE,FALSE,TRUE,2,20,0
0,0,0,0,0,0,0,0,0,0,0,0,0,0,0,FALSE,FALSE,TRUE,2,21,0
0,0,0,0,0,0,0,0,0,0,0,0,0,0,0,FALSE,FALSE,TRUE,2,22,0
0,0,0,0,0,0,0,0,0,0,0,0,0,0,0,FALSE,FALSE,TRUE,2,23,0
0,0,0,0,0,0,0,0,0,0,0,0,0,0,0,FALSE,FALSE,TRUE,2,24,0
0,0,0,0,0,0,0,0,0,0,0,0,0,0,0,FALSE,FALSE,TRUE,2,25,0
0,0,0,0,0,0,0,0,0,0,0,0,0,0,0,FALSE,FALSE,TRUE,2,26,0
0.009,0,0,0,0,1,1,1,1,1,1,0,0,0,1,FALSE,FALSE,TRUE,2,27,0
0.009,0,0,0,0,0,1,1,1,0,0,1,1,1,0,FALSE,FALSE,TRUE,2,28,0
0.009,0,0,0,0,1,1,1,1,0,1,0,0,1,0,FALSE,FALSE,TRUE,2,29,0
0.018,0,1,0,1,0,0,1,0,1,1,0,1,0,0,FALSE,FALSE,TRUE,3,1,0
0.018,0,0,1,1,0,1,0,1,1,0,1,0,0,0,FALSE,FALSE,TRUE,3,2,0
0.018,0,1,0,0,0,0,1,1,1,0,0,0,1,1,FALSE,FALSE,TRUE,3,3,0
0.023,0,1,1,1,0,0,0,1,1,1,1,0,0,0,FALSE,FALSE,TRUE,3,4,0
0.023,0,1,1,0,1,1,0,1,0,1,0,1,0,0,FALSE,FALSE,TRUE,3,5,0
0.023,0,0,0,1,1,1,1,1,0,1,0,0,1,0,FALSE,FALSE,TRUE,3,6,0
0.027,0,0,0,1,1,0,1,1,1,1,0,0,0,1,FALSE,FALSE,TRUE,3,7,0
0.027,0,0,0,0,1,1,0,1,0,0,1,0,1,1,FALSE,FALSE,TRUE,3,8,0
0.027,0,1,0,0,0,1,1,1,0,1,0,0,1,0,FALSE,FALSE,TRUE,3,9,0
0.072,0,1,0,1,0,0,1,1,0,1,0,1,0,1,FALSE,FALSE,TRUE,3,10,0
0.072,0,1,1,0,1,1,0,1,1,0,0,0,0,0,FALSE,FALSE,TRUE,3,11,0
0.091,0,1,1,1,0,0,0,0,0,0,1,1,1,1,FALSE,FALSE,TRUE,3,12,0
0.095,0,1,1,0,1,1,0,1,1,0,0,0,0,1,FALSE,FALSE,TRUE,3,13,0
0.095,0,1,1,0,0,0,1,1,1,1,0,0,1,0,FALSE,FALSE,TRUE,3,14,0
0.136,0,0,1,1,0,0,0,1,0,1,1,1,0,0,FALSE,FALSE,TRUE,3,15,0
0.14,0,1,0,1,0,0,1,1,1,1,0,0,0,1,FALSE,FALSE,TRUE,3,16,0
0.847,0,1,0,0,1,0,1,0,1,1,0,1,0,0,FALSE,FALSE,TRUE,3,17,0
0.847,0,0,1,1,1,0,0,0,0,1,1,1,1,0,FALSE,FALSE,TRUE,3,18,0
1.367,0,1,1,1,1,0,0,0,0,1,1,1,0,0,FALSE,FALSE,TRUE,3,19,0
2.164,0.009,0,1,1,1,1,0,0,1,0,0,0,0,1,FALSE,FALSE,TRUE,3,20,0
2.241,0.014,1,0,0,0,1,0,1,0,1,0,0,1,1,FALSE,FALSE,TRUE,3,21,0
2.925,0.014,1,0,0,0,0,1,1,0,1,0,1,1,0,FALSE,FALSE,TRUE,3,22,0
3.549,0.023,1,1,0,1,0,1,0,1,0,1,0,0,0,FALSE,FALSE,TRUE,3,23,0
4.016,0.027,0,0,1,0,1,0,1,0,1,0,1,1,0,FALSE,FALSE,TRUE,3,24,0
4.486,0.032,1,1,0,1,1,0,1,0,1,0,0,1,0,FALSE,FALSE,TRUE,3,25,0
4.785,0.036,1,0,1,0,1,0,0,0,1,0,1,1,1,FALSE,FALSE,TRUE,3,26,0
5.419,0.041,1,1,1,1,0,0,0,0,1,0,0,1,0,FALSE,FALSE,TRUE,3,27,0
5.419,0.041,1,1,0,0,0,1,0,0,1,1,0,1,1,FALSE,FALSE,TRUE,3,28,0
6.374,0.05,1,0,1,1,1,0,1,0,0,1,1,0,0,FALSE,FALSE,TRUE,3,29,0
6.908,0.059,0,1,0,0,0,0,1,1,1,1,1,1,0,FALSE,FALSE,TRUE,3,30,0
7.357,0.081,1,0,1,0,1,0,1,1,0,0,1,1,0,FALSE,FALSE,TRUE,3,31,0
9.231,0.118,0,1,1,1,1,0,0,1,0,1,1,0,0,FALSE,FALSE,TRUE,4,1,0
10.372,0.14,1,0,1,1,0,1,0,1,0,1,1,0,0,FALSE,FALSE,TRUE,4,2,0
10.372,0.14,1,0,0,1,0,1,0,0,1,1,1,1,0,FALSE,FALSE,TRUE,4,3,0
10.372,0.14,0,0,1,0,1,1,1,0,1,0,0,1,1,FALSE,FALSE,TRUE,4,4,0
11.091,0.158,0,0,1,1,0,0,1,1,1,0,0,1,1,FALSE,FALSE,TRUE,4,5,0
14.835,0.226,0,1,1,0,1,1,1,1,0,0,1,0,0,FALSE,FALSE,TRUE,4,6,0
17.493,0.244,0,0,1,1,1,0,1,0,0,0,1,1,1,FALSE,FALSE,TRUE,4,7,0
18.434,0.263,0,1,1,0,0,1,1,0,1,0,1,1,0,FALSE,FALSE,TRUE,4,8,0
19.566,0.285,1,0,0,0,1,0,0,1,0,1,1,1,0,FALSE,FALSE,TRUE,4,9,0
20.829,0.299,0,1,1,0,0,1,1,1,0,1,0,0,1,FALSE,FALSE,TRUE,4,10,0
21.676,0.321,0,0,0,1,1,1,1,1,0,1,0,1,0,FALSE,FALSE,TRUE,4,11,0
22.807,0.389,1,0,0,1,0,1,0,1,1,1,1,0,0,FALSE,FALSE,TRUE,4,12,0
24.329,0.421,1,1,0,1,1,0,0,1,1,0,0,0,1,FALSE,FALSE,TRUE,4,13,0
25.877,0.435,1,1,1,1,0,0,0,1,0,1,0,0,0,FALSE,FALSE,TRUE,4,14,0
27.108,0.484,0,1,0,1,1,1,0,1,0,0,1,1,0,FALSE,FALSE,TRUE,4,15,0
29.449,0.561,1,1,0,1,1,0,0,1,0,0,1,1,0,FALSE,FALSE,TRUE,4,16,0
31.803,0.611,1,0,1,0,0,0,1,0,1,0,1,0,1,FALSE,FALSE,TRUE,4,17,0
33.867,0.647,0,1,0,1,0,0,1,1,0,1,0,1,1,FALSE,FALSE,TRUE,4,18,0
36.185,0.72,1,1,0,1,0,0,1,1,0,0,0,0,1,FALSE,FALSE,TRUE,4,19,0
38.109,0.797,1,0,0,1,1,0,1,1,1,0,0,0,1,FALSE,FALSE,TRUE,4,20,0
41.722,0.869,0,0,0,0,1,0,1,0,1,0,1,1,1,FALSE,FALSE,TRUE,4,21,0
44.135,0.946,0,1,1,0,0,1,1,1,1,1,0,0,0,FALSE,FALSE,TRUE,4,22,1
44.135,0.946,1,0,0,1,0,1,1,0,1,1,1,0,0,FALSE,FALSE,TRUE,4,23,1
50.5,1.073,0,0,1,0,1,1,1,0,1,0,1,0,1,FALSE,FALSE,TRUE,4,24,1
54.053,1.145,0,0,0,0,0,1,1,1,0,0,1,1,1,FALSE,FALSE,TRUE,4,25,1
57.598,1.218,1,0,0,1,0,0,1,1,0,0,1,1,1,FALSE,FALSE,TRUE,4,26,1
60.337,1.272,0,1,0,1,1,0,1,0,0,0,0,1,1,FALSE,FALSE,TRUE,4,27,1
63.737,1.363,0,0,1,0,0,1,1,0,0,1,1,1,0,FALSE,FALSE,TRUE,4,28,1
67.386,1.48,1,1,0,0,1,1,0,1,0,1,0,1,0,FALSE,FALSE,TRUE,4,29,1
71.342,1.566,1,0,1,0,0,1,0,1,1,0,0,1,1,FALSE,FALSE,TRUE,4,30,1
76.132,1.743,1,1,0,1,0,1,1,0,0,0,0,1,1,FALSE,FALSE,TRUE,5,1,1
82.004,1.888,0,0,1,1,1,1,1,0,0,0,0,1,0,FALSE,FALSE,TRUE,5,2,1
86.481,1.992,0,1,1,0,0,0,1,1,1,1,0,0,0,FALSE,FALSE,TRUE,5,3,1
91.384,2.092,0,1,0,1,1,0,0,1,1,1,0,0,0,FALSE,FALSE,TRUE,5,4,1
97.337,2.2,1,0,1,0,0,1,0,0,0,1,0,1,1,FALSE,FALSE,TRUE,5,5,1
102.086,2.381,1,0,0,1,1,1,0,1,0,1,0,0,0,FALSE,FALSE,TRUE,5,6,1
108.981,2.553,0,1,1,1,0,0,1,0,0,1,1,0,1,FALSE,FALSE,TRUE,5,7,1
116.966,2.689,1,0,0,0,0,1,0,0,1,1,1,1,0,FALSE,FALSE,TRUE,5,8,1
124.377,2.798,1,0,1,1,0,0,1,0,0,0,0,1,1,FALSE,FALSE,TRUE,5,9,1
133.391,2.893,1,1,1,1,0,0,0,0,0,1,0,1,1,FALSE,FALSE,TRUE,5,10,1
140.073,3.02,0,0,1,0,0,1,1,0,1,1,0,1,1,FALSE,FALSE,TRUE,5,11,1
145.234,3.196,1,1,1,0,0,1,0,1,0,1,0,0,0,FALSE,FALSE,TRUE,5,12,1
155.442,3.336,1,0,1,1,1,0,0,1,0,1,1,0,0,FALSE,FALSE,TRUE,5,13,1
162.016,3.486,1,0,0,0,0,1,0,1,1,0,1,1,1,FALSE,FALSE,TRUE,5,14,1
168.489,3.635,1,1,1,0,0,0,1,0,0,1,0,1,0,FALSE,FALSE,TRUE,5,15,1
175.647,3.776,1,0,1,0,1,0,1,1,1,0,1,0,0,FALSE,FALSE,TRUE,5,16,1
181.767,3.952,0,1,1,0,1,0,1,1,0,0,0,0,1,FALSE,FALSE,TRUE,5,17,1
190.704,4.088,0,1,1,0,0,0,0,0,1,1,1,1,1,FALSE,FALSE,TRUE,5,18,1
199.038,4.251,1,0,0,0,0,1,0,1,0,1,1,1,1,FALSE,FALSE,TRUE,5,19,1
207.784,4.459,0,1,1,0,0,1,0,1,1,0,1,1,0,FALSE,FALSE,TRUE,5,20,1
217.712,4.604,0,0,1,0,1,0,1,0,1,0,1,1,1,FALSE,FALSE,TRUE,5,21,1
229.496,4.83,0,1,0,0,0,0,1,0,1,1,0,1,1,FALSE,FALSE,TRUE,5,22,1
237.387,4.984,0,0,1,1,0,1,0,1,0,0,0,1,1,FALSE,FALSE,TRUE,5,23,1
247.184,5.129,1,1,1,0,0,1,0,0,0,0,1,1,0,FALSE,FALSE,TRUE,5,24,1
255.097,5.283,0,0,1,0,1,0,1,1,1,0,0,1,1,FALSE,FALSE,TRUE,5,25,1
261.236,5.419,0,1,1,1,1,1,0,1,0,0,0,0,1,FALSE,FALSE,TRUE,5,26,1
267.782,5.546,1,1,0,1,0,0,1,0,0,0,1,0,1,FALSE,FALSE,TRUE,5,27,1
277.18,5.704,0,0,0,1,0,0,1,1,1,1,0,1,0,FALSE,FALSE,TRUE,5,28,1
289.861,5.962,0,1,1,1,0,1,1,0,1,0,0,0,0,FALSE,FALSE,TRUE,5,29,1
300.857,6.315,1,0,0,0,1,0,0,0,1,1,1,1,1,FALSE,FALSE,TRUE,5,30,1
314.615,6.714,1,1,0,0,1,1,0,1,0,0,0,1,0,FALSE,FALSE,TRUE,5,31,1
328.033,6.985,1,0,0,0,0,0,1,1,1,0,1,1,1,FALSE,FALSE,TRUE,6,1,1
345.861,7.338,1,1,0,1,0,1,1,0,0,1,0,0,1,FALSE,FALSE,TRUE,6,2,1
364.263,7.642,0,0,0,0,1,0,1,0,1,1,1,1,0,FALSE,FALSE,TRUE,6,3,1
385.998,8.013,0,0,1,1,1,0,0,0,1,0,1,1,0,FALSE,FALSE,TRUE,6,4,1
404.038,8.321,1,1,0,1,1,0,0,1,1,0,1,0,0,FALSE,FALSE,TRUE,6,5,1
425.47,8.76,1,0,1,1,0,0,1,0,0,1,1,0,1,FALSE,FALSE,TRUE,6,6,1
447.924,9.063,1,0,0,0,0,0,1,1,0,1,1,1,1,FALSE,FALSE,TRUE,6,7,1
469.328,9.358,1,0,0,1,1,0,0,1,1,1,0,0,1,FALSE,FALSE,TRUE,6,8,1
490.361,9.833,1,1,0,0,0,1,0,1,0,1,1,0,1,FALSE,FALSE,TRUE,6,9,1
514.739,10.209,0,0,1,1,1,0,1,0,0,1,0,1,0,FALSE,FALSE,TRUE,6,10,1
541.151,10.666,0,1,1,1,0,0,1,0,1,1,0,0,1,FALSE,FALSE,TRUE,6,11,1
570.11,11.15,0,0,1,1,0,1,1,1,1,0,1,0,0,FALSE,FALSE,TRUE,6,12,1
599.41,11.549,0,0,0,0,1,0,1,1,1,1,0,0,1,FALSE,FALSE,TRUE,6,13,1
630.307,11.915,1,0,0,0,0,1,1,1,0,1,1,0,1,FALSE,FALSE,TRUE,6,14,1
654.065,12.354,1,1,0,1,0,1,1,0,1,0,0,0,1,FALSE,FALSE,TRUE,6,15,1
674.179,12.852,1,0,0,0,1,1,1,1,1,0,0,0,1,FALSE,FALSE,TRUE,6,16,1
700.613,13.468,1,1,0,0,1,0,0,1,1,0,1,0,0,FALSE,FALSE,TRUE,6,17,1
724.869,14.002,0,0,1,0,1,1,0,0,1,1,1,0,0,FALSE,FALSE,TRUE,6,18,1
747.251,14.618,0,0,1,0,0,1,1,1,1,0,0,1,1,FALSE,FALSE,TRUE,6,19,1
777.148,15.311,0,1,1,1,1,0,1,0,0,1,1,0,0,FALSE,FALSE,TRUE,6,20,1
799.561,15.849,1,0,0,1,0,1,0,0,1,0,1,1,0,FALSE,FALSE,TRUE,6,21,1
819.802,16.252,1,1,0,0,0,0,1,1,1,0,1,0,1,FALSE,FALSE,TRUE,6,22,1
837.666,16.728,1,0,0,0,0,0,1,1,0,1,1,1,0,FALSE,FALSE,TRUE,6,23,1
855.285,16.999,0,1,0,1,1,1,0,1,0,0,0,1,0,FALSE,FALSE,TRUE,6,24,1
873.593,17.669,1,0,1,1,1,0,1,0,0,0,1,0,0,FALSE,FALSE,TRUE,6,25,1
886.156,17.936,1,0,0,0,0,0,1,1,1,1,0,1,1,FALSE,FALSE,TRUE,6,26,1
900.362,18.267,0,0,1,0,1,0,1,0,1,1,1,1,0,FALSE,FALSE,TRUE,6,27,1
918.796,18.643,0,0,0,1,0,1,1,0,1,1,1,1,0,FALSE,FALSE,TRUE,6,28,1
934.899,18.864,1,0,0,1,0,1,1,1,0,0,1,1,0,FALSE,FALSE,TRUE,6,29,1
947.688,19.485,1,1,0,0,1,0,0,0,0,1,0,1,1,FALSE,FALSE,TRUE,6,30,1
966.398,19.897,0,0,1,1,1,1,0,1,0,0,0,1,0,FALSE,FALSE,TRUE,7,1,1
986.041,20.25,0,1,0,0,0,0,0,1,1,1,1,1,1,FALSE,FALSE,TRUE,7,2,1
1004.544,20.603,0,1,1,0,0,0,1,0,1,1,1,0,1,FALSE,FALSE,TRUE,7,3,1
1019.877,20.911,0,0,1,0,1,1,0,0,0,1,0,1,1,FALSE,FALSE,TRUE,7,4,1
1034.323,21.332,0,0,1,0,1,1,0,1,0,1,1,0,1,FALSE,FALSE,TRUE,7,5,1
1049.462,21.558,1,1,0,0,1,0,1,0,0,1,1,1,0,FALSE,FALSE,TRUE,7,6,1
1061.644,21.907,0,1,1,1,0,1,0,1,1,0,1,0,0,FALSE,FALSE,TRUE,7,7,1
1075.135,22.282,0,1,0,0,0,0,0,1,0,1,1,1,1,FALSE,FALSE,TRUE,7,8,1
1090.341,22.559,1,0,0,0,1,0,0,1,0,1,0,1,1,FALSE,FALSE,TRUE,7,9,1
1102.795,22.898,1,0,0,1,0,1,0,1,0,0,1,0,1,FALSE,FALSE,TRUE,7,10,1
1115.254,23.192,0,1,0,0,1,1,0,0,1,1,1,0,1,FALSE,FALSE,TRUE,7,11,1
1126.667,23.527,1,1,0,0,0,1,1,0,0,0,1,1,1,FALSE,FALSE,TRUE,7,12,1
1139.13,23.84,1,1,0,0,0,0,1,0,0,0,1,1,1,FALSE,FALSE,TRUE,7,13,1
1148.089,24.084,1,0,0,1,0,0,0,0,1,1,1,1,1,FALSE,FALSE,TRUE,7,14,1
1157.89,24.383,0,1,1,1,0,1,0,0,0,1,1,1,0,FALSE,FALSE,TRUE,7,15,1
1167.601,24.564,1,1,0,1,1,0,1,1,0,1,0,0,0,FALSE,FALSE,TRUE,7,16,1
1177.04,24.786,1,0,1,1,0,0,1,0,1,0,0,1,1,FALSE,FALSE,TRUE,7,17,1
1185.722,24.999,1,1,1,0,1,0,1,0,1,1,0,0,0,FALSE,FALSE,TRUE,7,18,1
1192.871,25.207,1,1,1,0,1,0,0,0,1,1,0,1,0,FALSE,FALSE,TRUE,7,19,1
1200.055,25.347,1,0,0,0,1,1,0,1,1,0,0,1,1,FALSE,FALSE,TRUE,7,20,1
1204.641,25.528,1,1,0,0,1,0,0,0,1,0,1,1,1,FALSE,FALSE,TRUE,7,21,1
1210.671,25.7,1,1,1,0,0,0,0,1,1,0,0,1,0,FALSE,FALSE,TRUE,7,22,1
1218.653,25.845,0,1,1,1,0,0,1,0,0,1,1,0,0,FALSE,FALSE,TRUE,7,23,1
1224.126,26.09,1,1,0,1,0,0,0,0,1,1,0,0,1,FALSE,FALSE,TRUE,7,24,1
1230.858,26.198,0,1,1,0,1,1,0,1,1,0,0,1,0,FALSE,FALSE,TRUE,7,25,1
1236.408,26.357,1,1,0,0,1,0,0,1,1,0,0,0,1,FALSE,FALSE,TRUE,7,26,1
1241.732,26.447,0,0,1,1,0,1,0,1,0,0,0,1,1,FALSE,FALSE,TRUE,7,27,1
1245.969,26.551,0,0,1,1,0,1,1,1,0,1,1,0,0,FALSE,FALSE,TRUE,7,28,1
1250.781,26.674,1,0,1,1,1,1,0,0,0,1,0,1,0,FALSE,FALSE,TRUE,7,29,1
1255.824,26.818,0,0,0,1,0,1,1,0,1,1,0,1,1,FALSE,FALSE,TRUE,7,30,1
1259.912,26.941,0,1,1,0,0,0,1,1,0,1,0,0,1,FALSE,FALSE,TRUE,7,31,1
1259.912,26.941,1,0,0,1,1,1,1,0,0,1,0,0,0,FALSE,FALSE,TRUE,8,1,1
1259.912,26.941,1,1,0,0,0,1,0,1,1,0,0,0,1,FALSE,FALSE,TRUE,8,2,1
1267.717,27.09,1,1,0,1,0,0,0,0,1,1,0,1,1,FALSE,FALSE,TRUE,8,3,1
1269.673,27.158,1,0,0,1,1,0,1,0,0,1,0,1,1,FALSE,FALSE,TRUE,8,4,1
1272.729,27.226,1,1,1,0,0,0,0,1,1,0,0,1,1,FALSE,FALSE,TRUE,8,5,1
1276.02,27.321,1,1,1,0,0,1,1,0,1,0,0,0,1,FALSE,FALSE,TRUE,8,6,1
1279.56,27.398,1,0,1,1,0,0,0,1,1,0,1,0,1,FALSE,FALSE,TRUE,8,7,1
1283.372,27.47,0,1,1,0,1,1,0,0,0,1,0,0,1,FALSE,FALSE,TRUE,8,8,1
1286.242,27.534,0,1,1,0,0,0,1,1,1,0,1,0,1,FALSE,FALSE,TRUE,8,9,1
1288.682,27.602,1,0,0,1,0,1,1,0,0,1,0,1,0,FALSE,FALSE,TRUE,8,10,1
1291.086,27.67,0,1,1,0,1,0,0,0,1,1,1,0,0,FALSE,FALSE,TRUE,8,11,1
1294.391,27.747,0,1,1,1,1,0,0,0,0,1,1,1,0,FALSE,FALSE,TRUE,8,12,1
1297.8,27.792,1,0,0,0,1,1,0,1,0,0,0,1,1,FALSE,FALSE,TRUE,8,13,1
1300.634,27.855,1,0,0,1,1,0,0,1,1,1,0,0,0,FALSE,FALSE,TRUE,8,14,1
1304.015,27.896,0,1,1,0,0,1,0,1,1,0,0,0,1,FALSE,FALSE,TRUE,8,15,1
1307.049,27.923,1,1,0,1,0,0,1,1,0,0,0,1,0,FALSE,FALSE,TRUE,8,16,1
1309.303,27.955,1,0,0,1,1,1,1,0,0,1,0,0,1,FALSE,FALSE,TRUE,8,17,1
1312.096,28.023,1,1,1,0,1,0,0,0,0,0,1,1,1,FALSE,FALSE,TRUE,8,18,1
1312.096,28.023,1,0,0,1,0,1,1,1,0,0,0,0,1,FALSE,FALSE,TRUE,8,19,1
